WIDTH=32;
DEPTH=8192;

ADDRESS_RADIX=HEX;
DATA_RADIX=HEX;

CONTENT BEGIN
    0000 : 0280006F;
    0001 : 00000013;
    0002 : 00000013;
    0003 : 00000013;
    0004 : 00000013;
    0005 : 0000006F;
    0006 : 00000013;
    0007 : 00000013;
    0008 : 00000013;
    0009 : 00000013;
    000A : 03200513;
    000B : 00100593;
    000C : 00000013;
    000D : 00000013;
    000E : 01900293;
    000F : 00000613;
    0010 : 00000013;
    0011 : 00528633;
    0012 : 00000013;
    0013 : 00000013;
    0014 : 4CC51C63;
    0015 : 00000013;
    0016 : 00000013;
    0017 : 04B00613;
    0018 : 00000013;
    0019 : 00000013;
    001A : 40560633;
    001B : 00000013;
    001C : 00000013;
    001D : 4AC51A63;
    001E : 00000013;
    001F : 00000013;
    0020 : 00B29633;
    0021 : 00000013;
    0022 : 00000013;
    0023 : 48C51E63;
    0024 : 00000013;
    0025 : 00000013;
    0026 : 00A2A633;
    0027 : 00000013;
    0028 : 00000013;
    0029 : 48060263;
    002A : 00000013;
    002B : 00000013;
    002C : FB500293;
    002D : 00000013;
    002E : 00000013;
    002F : 00A2B633;
    0030 : 00000013;
    0031 : 00000013;
    0032 : 46061063;
    0033 : 00000013;
    0034 : 00000013;
    0035 : 0052C633;
    0036 : 00000013;
    0037 : 00000013;
    0038 : 44061463;
    0039 : 00000013;
    003A : 00000013;
    003B : 0002C633;
    003C : 00000013;
    003D : 00000013;
    003E : 42561863;
    003F : 00000013;
    0040 : 00000013;
    0041 : 06400613;
    0042 : 00000013;
    0043 : 00000013;
    0044 : 00B65633;
    0045 : 00000013;
    0046 : 00000013;
    0047 : 40C51663;
    0048 : 00000013;
    0049 : 00000013;
    004A : F9C00313;
    004B : FCE00393;
    004C : 06400613;
    004D : 00000013;
    004E : 00000013;
    004F : 40B65633;
    0050 : 00000013;
    0051 : 00000013;
    0052 : 3EC51063;
    0053 : 00000013;
    0054 : 00000013;
    0055 : 40B35633;
    0056 : 00000013;
    0057 : 00000013;
    0058 : 3C761463;
    0059 : 00000013;
    005A : 00000013;
    005B : 00A56633;
    005C : 00000013;
    005D : 00000013;
    005E : 3AC51863;
    005F : 00000013;
    0060 : 00000013;
    0061 : 00056633;
    0062 : 00000013;
    0063 : 00000013;
    0064 : 38C51C63;
    0065 : 00000013;
    0066 : 00000013;
    0067 : 00A57633;
    0068 : 00000013;
    0069 : 00000013;
    006A : 38C51063;
    006B : 00000013;
    006C : 00000013;
    006D : 00057633;
    006E : 00000013;
    006F : 00000013;
    0070 : 36061463;
    0071 : 00000013;
    0072 : 00000013;
    0073 : 00000013;
    0074 : 00000013;
    0075 : 03200293;
    0076 : 00000013;
    0077 : 00000013;
    0078 : 34551463;
    0079 : 00000013;
    007A : 00000013;
    007B : FCE28613;
    007C : 00000013;
    007D : 00000013;
    007E : 32061863;
    007F : 00000013;
    0080 : 00000013;
    0081 : 01900293;
    0082 : 00000013;
    0083 : 00000013;
    0084 : 0322A613;
    0085 : 00000013;
    0086 : 00000013;
    0087 : 30060663;
    0088 : 00000013;
    0089 : 00000013;
    008A : FB500293;
    008B : 00000013;
    008C : 00000013;
    008D : 0322B613;
    008E : 00000013;
    008F : 00000013;
    0090 : 2E061463;
    0091 : 00000013;
    0092 : 00000013;
    0093 : 01900293;
    0094 : 00000013;
    0095 : 00000013;
    0096 : 0192C613;
    0097 : 00000013;
    0098 : 00000013;
    0099 : 2C061263;
    009A : 00000013;
    009B : 00000013;
    009C : 0002C613;
    009D : 00000013;
    009E : 00000013;
    009F : 2A561663;
    00A0 : 00000013;
    00A1 : 00000013;
    00A2 : 03256613;
    00A3 : 00000013;
    00A4 : 00000013;
    00A5 : 28C51A63;
    00A6 : 00000013;
    00A7 : 00000013;
    00A8 : 00056613;
    00A9 : 00000013;
    00AA : 00000013;
    00AB : 26C51E63;
    00AC : 00000013;
    00AD : 00000013;
    00AE : 03257613;
    00AF : 00000013;
    00B0 : 00000013;
    00B1 : 26C51263;
    00B2 : 00000013;
    00B3 : 00000013;
    00B4 : 00057613;
    00B5 : 00000013;
    00B6 : 00000013;
    00B7 : 24061663;
    00B8 : 00000013;
    00B9 : 00000013;
    00BA : 00129613;
    00BB : 00000013;
    00BC : 00000013;
    00BD : 22C51A63;
    00BE : 00000013;
    00BF : 00000013;
    00C0 : 06400613;
    00C1 : 00000013;
    00C2 : 00000013;
    00C3 : 00165613;
    00C4 : 00000013;
    00C5 : 00000013;
    00C6 : 20C51863;
    00C7 : 00000013;
    00C8 : 00000013;
    00C9 : F9C00313;
    00CA : FCE00393;
    00CB : 06400613;
    00CC : 00000013;
    00CD : 00000013;
    00CE : 40165613;
    00CF : 00000013;
    00D0 : 00000013;
    00D1 : 1EC51263;
    00D2 : 00000013;
    00D3 : 00000013;
    00D4 : 40135613;
    00D5 : 00000013;
    00D6 : 00000013;
    00D7 : 1C761663;
    00D8 : 00000013;
    00D9 : 00000013;
    00DA : FCE00293;
    00DB : 00000013;
    00DC : 00000013;
    00DD : 1AA00A63;
    00DE : 00000013;
    00DF : 00000013;
    00E0 : 1A001463;
    00E1 : 00000013;
    00E2 : 00000013;
    00E3 : 18054E63;
    00E4 : 00000013;
    00E5 : 00000013;
    00E6 : 18A05863;
    00E7 : 00000013;
    00E8 : 00000013;
    00E9 : 1802E263;
    00EA : 00000013;
    00EB : 00000013;
    00EC : 16507C63;
    00ED : 00000013;
    00EE : 00000013;
    00EF : 3F800313;
    00F0 : 00000013;
    00F1 : 00000013;
    00F2 : 010002EF;
    00F3 : 00000013;
    00F4 : 00000013;
    00F5 : 14000A63;
    00F6 : 00000013;
    00F7 : 00000013;
    00F8 : 000302E7;
    00F9 : 00000013;
    00FA : 00000013;
    00FB : 12000E63;
    00FC : 00000013;
    00FD : 00000013;
    00FE : 00000013;
    00FF : 00000013;
    0100 : 000062B7;
    0101 : 00000013;
    0102 : 00000013;
    0103 : 0002A303;
    0104 : 00000013;
    0105 : 00000013;
    0106 : 10A31863;
    0107 : 00000013;
    0108 : 00000013;
    0109 : 00000013;
    010A : 00000013;
    010B : 000062B7;
    010C : 00000013;
    010D : 00000013;
    010E : 00428293;
    010F : 00000013;
    0110 : 00000013;
    0111 : 00A2A023;
    0112 : 00000013;
    0113 : 00000013;
    0114 : 00000013;
    0115 : 00000013;
    0116 : 0002A303;
    0117 : 00000013;
    0118 : 00000013;
    0119 : 0CA31263;
    011A : 00000013;
    011B : 00000013;
    011C : 00000013;
    011D : 00000013;
    011E : 000062B7;
    011F : 00000013;
    0120 : 00000013;
    0121 : 00000013;
    0122 : 00000013;
    0123 : 00828293;
    0124 : 00000013;
    0125 : 00000013;
    0126 : 00000013;
    0127 : 00000013;
    0128 : 0002A303;
    0129 : 00000013;
    012A : 00000013;
    012B : 00000013;
    012C : 00000013;
    012D : 00000013;
    012E : 00000013;
    012F : 010003B7;
    0130 : 00000013;
    0131 : 00000013;
    0132 : 00000013;
    0133 : 00000013;
    0134 : 77038393;
    0135 : 00000013;
    0136 : 00000013;
    0137 : 00000013;
    0138 : 00000013;
    0139 : 04731263;
    013A : 00000013;
    013B : 00000013;
    013C : 00C0006F;
    013D : 00000013;
    013E : 00000013;
    013F : 00100293;
    0140 : 11000337;
    0141 : 00000013;
    0142 : 00000013;
    0143 : 00000013;
    0144 : 00532023;
    0145 : 00000013;
    0146 : 00000013;
    0147 : FE1FF06F;
    0148 : 00000013;
    0149 : 00000013;
    014A : 00200293;
    014B : 11000337;
    014C : 00000013;
    014D : 00000013;
    014E : 00000013;
    014F : 00532023;
    0150 : 00000013;
    0151 : 00000013;
    0152 : FE1FF06F;
    0153 : 00000013;
    0154 : 00000013;
    0155 : 00000000;
    0156 : 00000000;
    0157 : 00000000;
    0158 : 00000000;
    0159 : 00000000;
    015A : 00000000;
    015B : 00000000;
    015C : 00000000;
    015D : 00000000;
    015E : 00000000;
    015F : 00000000;
    0160 : 00000000;
    0161 : 00000000;
    0162 : 00000000;
    0163 : 00000000;
    0164 : 00000000;
    0165 : 00000000;
    0166 : 00000000;
    0167 : 00000000;
    0168 : 00000000;
    0169 : 00000000;
    016A : 00000000;
    016B : 00000000;
    016C : 00000000;
    016D : 00000000;
    016E : 00000000;
    016F : 00000000;
    0170 : 00000000;
    0171 : 00000000;
    0172 : 00000000;
    0173 : 00000000;
    0174 : 00000000;
    0175 : 00000000;
    0176 : 00000000;
    0177 : 00000000;
    0178 : 00000000;
    0179 : 00000000;
    017A : 00000000;
    017B : 00000000;
    017C : 00000000;
    017D : 00000000;
    017E : 00000000;
    017F : 00000000;
    0180 : 00000000;
    0181 : 00000000;
    0182 : 00000000;
    0183 : 00000000;
    0184 : 00000000;
    0185 : 00000000;
    0186 : 00000000;
    0187 : 00000000;
    0188 : 00000000;
    0189 : 00000000;
    018A : 00000000;
    018B : 00000000;
    018C : 00000000;
    018D : 00000000;
    018E : 00000000;
    018F : 00000000;
    0190 : 00000000;
    0191 : 00000000;
    0192 : 00000000;
    0193 : 00000000;
    0194 : 00000000;
    0195 : 00000000;
    0196 : 00000000;
    0197 : 00000000;
    0198 : 00000000;
    0199 : 00000000;
    019A : 00000000;
    019B : 00000000;
    019C : 00000000;
    019D : 00000000;
    019E : 00000000;
    019F : 00000000;
    01A0 : 00000000;
    01A1 : 00000000;
    01A2 : 00000000;
    01A3 : 00000000;
    01A4 : 00000000;
    01A5 : 00000000;
    01A6 : 00000000;
    01A7 : 00000000;
    01A8 : 00000000;
    01A9 : 00000000;
    01AA : 00000000;
    01AB : 00000000;
    01AC : 00000000;
    01AD : 00000000;
    01AE : 00000000;
    01AF : 00000000;
    01B0 : 00000000;
    01B1 : 00000000;
    01B2 : 00000000;
    01B3 : 00000000;
    01B4 : 00000000;
    01B5 : 00000000;
    01B6 : 00000000;
    01B7 : 00000000;
    01B8 : 00000000;
    01B9 : 00000000;
    01BA : 00000000;
    01BB : 00000000;
    01BC : 00000000;
    01BD : 00000000;
    01BE : 00000000;
    01BF : 00000000;
    01C0 : 00000000;
    01C1 : 00000000;
    01C2 : 00000000;
    01C3 : 00000000;
    01C4 : 00000000;
    01C5 : 00000000;
    01C6 : 00000000;
    01C7 : 00000000;
    01C8 : 00000000;
    01C9 : 00000000;
    01CA : 00000000;
    01CB : 00000000;
    01CC : 00000000;
    01CD : 00000000;
    01CE : 00000000;
    01CF : 00000000;
    01D0 : 00000000;
    01D1 : 00000000;
    01D2 : 00000000;
    01D3 : 00000000;
    01D4 : 00000000;
    01D5 : 00000000;
    01D6 : 00000000;
    01D7 : 00000000;
    01D8 : 00000000;
    01D9 : 00000000;
    01DA : 00000000;
    01DB : 00000000;
    01DC : 00000000;
    01DD : 00000000;
    01DE : 00000000;
    01DF : 00000000;
    01E0 : 00000000;
    01E1 : 00000000;
    01E2 : 00000000;
    01E3 : 00000000;
    01E4 : 00000000;
    01E5 : 00000000;
    01E6 : 00000000;
    01E7 : 00000000;
    01E8 : 00000000;
    01E9 : 00000000;
    01EA : 00000000;
    01EB : 00000000;
    01EC : 00000000;
    01ED : 00000000;
    01EE : 00000000;
    01EF : 00000000;
    01F0 : 00000000;
    01F1 : 00000000;
    01F2 : 00000000;
    01F3 : 00000000;
    01F4 : 00000000;
    01F5 : 00000000;
    01F6 : 00000000;
    01F7 : 00000000;
    01F8 : 00000000;
    01F9 : 00000000;
    01FA : 00000000;
    01FB : 00000000;
    01FC : 00000000;
    01FD : 00000000;
    01FE : 00000000;
    01FF : 00000000;
    0200 : 00000000;
    0201 : 00000000;
    0202 : 00000000;
    0203 : 00000000;
    0204 : 00000000;
    0205 : 00000000;
    0206 : 00000000;
    0207 : 00000000;
    0208 : 00000000;
    0209 : 00000000;
    020A : 00000000;
    020B : 00000000;
    020C : 00000000;
    020D : 00000000;
    020E : 00000000;
    020F : 00000000;
    0210 : 00000000;
    0211 : 00000000;
    0212 : 00000000;
    0213 : 00000000;
    0214 : 00000000;
    0215 : 00000000;
    0216 : 00000000;
    0217 : 00000000;
    0218 : 00000000;
    0219 : 00000000;
    021A : 00000000;
    021B : 00000000;
    021C : 00000000;
    021D : 00000000;
    021E : 00000000;
    021F : 00000000;
    0220 : 00000000;
    0221 : 00000000;
    0222 : 00000000;
    0223 : 00000000;
    0224 : 00000000;
    0225 : 00000000;
    0226 : 00000000;
    0227 : 00000000;
    0228 : 00000000;
    0229 : 00000000;
    022A : 00000000;
    022B : 00000000;
    022C : 00000000;
    022D : 00000000;
    022E : 00000000;
    022F : 00000000;
    0230 : 00000000;
    0231 : 00000000;
    0232 : 00000000;
    0233 : 00000000;
    0234 : 00000000;
    0235 : 00000000;
    0236 : 00000000;
    0237 : 00000000;
    0238 : 00000000;
    0239 : 00000000;
    023A : 00000000;
    023B : 00000000;
    023C : 00000000;
    023D : 00000000;
    023E : 00000000;
    023F : 00000000;
    0240 : 00000000;
    0241 : 00000000;
    0242 : 00000000;
    0243 : 00000000;
    0244 : 00000000;
    0245 : 00000000;
    0246 : 00000000;
    0247 : 00000000;
    0248 : 00000000;
    0249 : 00000000;
    024A : 00000000;
    024B : 00000000;
    024C : 00000000;
    024D : 00000000;
    024E : 00000000;
    024F : 00000000;
    0250 : 00000000;
    0251 : 00000000;
    0252 : 00000000;
    0253 : 00000000;
    0254 : 00000000;
    0255 : 00000000;
    0256 : 00000000;
    0257 : 00000000;
    0258 : 00000000;
    0259 : 00000000;
    025A : 00000000;
    025B : 00000000;
    025C : 00000000;
    025D : 00000000;
    025E : 00000000;
    025F : 00000000;
    0260 : 00000000;
    0261 : 00000000;
    0262 : 00000000;
    0263 : 00000000;
    0264 : 00000000;
    0265 : 00000000;
    0266 : 00000000;
    0267 : 00000000;
    0268 : 00000000;
    0269 : 00000000;
    026A : 00000000;
    026B : 00000000;
    026C : 00000000;
    026D : 00000000;
    026E : 00000000;
    026F : 00000000;
    0270 : 00000000;
    0271 : 00000000;
    0272 : 00000000;
    0273 : 00000000;
    0274 : 00000000;
    0275 : 00000000;
    0276 : 00000000;
    0277 : 00000000;
    0278 : 00000000;
    0279 : 00000000;
    027A : 00000000;
    027B : 00000000;
    027C : 00000000;
    027D : 00000000;
    027E : 00000000;
    027F : 00000000;
    0280 : 00000000;
    0281 : 00000000;
    0282 : 00000000;
    0283 : 00000000;
    0284 : 00000000;
    0285 : 00000000;
    0286 : 00000000;
    0287 : 00000000;
    0288 : 00000000;
    0289 : 00000000;
    028A : 00000000;
    028B : 00000000;
    028C : 00000000;
    028D : 00000000;
    028E : 00000000;
    028F : 00000000;
    0290 : 00000000;
    0291 : 00000000;
    0292 : 00000000;
    0293 : 00000000;
    0294 : 00000000;
    0295 : 00000000;
    0296 : 00000000;
    0297 : 00000000;
    0298 : 00000000;
    0299 : 00000000;
    029A : 00000000;
    029B : 00000000;
    029C : 00000000;
    029D : 00000000;
    029E : 00000000;
    029F : 00000000;
    02A0 : 00000000;
    02A1 : 00000000;
    02A2 : 00000000;
    02A3 : 00000000;
    02A4 : 00000000;
    02A5 : 00000000;
    02A6 : 00000000;
    02A7 : 00000000;
    02A8 : 00000000;
    02A9 : 00000000;
    02AA : 00000000;
    02AB : 00000000;
    02AC : 00000000;
    02AD : 00000000;
    02AE : 00000000;
    02AF : 00000000;
    02B0 : 00000000;
    02B1 : 00000000;
    02B2 : 00000000;
    02B3 : 00000000;
    02B4 : 00000000;
    02B5 : 00000000;
    02B6 : 00000000;
    02B7 : 00000000;
    02B8 : 00000000;
    02B9 : 00000000;
    02BA : 00000000;
    02BB : 00000000;
    02BC : 00000000;
    02BD : 00000000;
    02BE : 00000000;
    02BF : 00000000;
    02C0 : 00000000;
    02C1 : 00000000;
    02C2 : 00000000;
    02C3 : 00000000;
    02C4 : 00000000;
    02C5 : 00000000;
    02C6 : 00000000;
    02C7 : 00000000;
    02C8 : 00000000;
    02C9 : 00000000;
    02CA : 00000000;
    02CB : 00000000;
    02CC : 00000000;
    02CD : 00000000;
    02CE : 00000000;
    02CF : 00000000;
    02D0 : 00000000;
    02D1 : 00000000;
    02D2 : 00000000;
    02D3 : 00000000;
    02D4 : 00000000;
    02D5 : 00000000;
    02D6 : 00000000;
    02D7 : 00000000;
    02D8 : 00000000;
    02D9 : 00000000;
    02DA : 00000000;
    02DB : 00000000;
    02DC : 00000000;
    02DD : 00000000;
    02DE : 00000000;
    02DF : 00000000;
    02E0 : 00000000;
    02E1 : 00000000;
    02E2 : 00000000;
    02E3 : 00000000;
    02E4 : 00000000;
    02E5 : 00000000;
    02E6 : 00000000;
    02E7 : 00000000;
    02E8 : 00000000;
    02E9 : 00000000;
    02EA : 00000000;
    02EB : 00000000;
    02EC : 00000000;
    02ED : 00000000;
    02EE : 00000000;
    02EF : 00000000;
    02F0 : 00000000;
    02F1 : 00000000;
    02F2 : 00000000;
    02F3 : 00000000;
    02F4 : 00000000;
    02F5 : 00000000;
    02F6 : 00000000;
    02F7 : 00000000;
    02F8 : 00000000;
    02F9 : 00000000;
    02FA : 00000000;
    02FB : 00000000;
    02FC : 00000000;
    02FD : 00000000;
    02FE : 00000000;
    02FF : 00000000;
    0300 : 00000000;
    0301 : 00000000;
    0302 : 00000000;
    0303 : 00000000;
    0304 : 00000000;
    0305 : 00000000;
    0306 : 00000000;
    0307 : 00000000;
    0308 : 00000000;
    0309 : 00000000;
    030A : 00000000;
    030B : 00000000;
    030C : 00000000;
    030D : 00000000;
    030E : 00000000;
    030F : 00000000;
    0310 : 00000000;
    0311 : 00000000;
    0312 : 00000000;
    0313 : 00000000;
    0314 : 00000000;
    0315 : 00000000;
    0316 : 00000000;
    0317 : 00000000;
    0318 : 00000000;
    0319 : 00000000;
    031A : 00000000;
    031B : 00000000;
    031C : 00000000;
    031D : 00000000;
    031E : 00000000;
    031F : 00000000;
    0320 : 00000000;
    0321 : 00000000;
    0322 : 00000000;
    0323 : 00000000;
    0324 : 00000000;
    0325 : 00000000;
    0326 : 00000000;
    0327 : 00000000;
    0328 : 00000000;
    0329 : 00000000;
    032A : 00000000;
    032B : 00000000;
    032C : 00000000;
    032D : 00000000;
    032E : 00000000;
    032F : 00000000;
    0330 : 00000000;
    0331 : 00000000;
    0332 : 00000000;
    0333 : 00000000;
    0334 : 00000000;
    0335 : 00000000;
    0336 : 00000000;
    0337 : 00000000;
    0338 : 00000000;
    0339 : 00000000;
    033A : 00000000;
    033B : 00000000;
    033C : 00000000;
    033D : 00000000;
    033E : 00000000;
    033F : 00000000;
    0340 : 00000000;
    0341 : 00000000;
    0342 : 00000000;
    0343 : 00000000;
    0344 : 00000000;
    0345 : 00000000;
    0346 : 00000000;
    0347 : 00000000;
    0348 : 00000000;
    0349 : 00000000;
    034A : 00000000;
    034B : 00000000;
    034C : 00000000;
    034D : 00000000;
    034E : 00000000;
    034F : 00000000;
    0350 : 00000000;
    0351 : 00000000;
    0352 : 00000000;
    0353 : 00000000;
    0354 : 00000000;
    0355 : 00000000;
    0356 : 00000000;
    0357 : 00000000;
    0358 : 00000000;
    0359 : 00000000;
    035A : 00000000;
    035B : 00000000;
    035C : 00000000;
    035D : 00000000;
    035E : 00000000;
    035F : 00000000;
    0360 : 00000000;
    0361 : 00000000;
    0362 : 00000000;
    0363 : 00000000;
    0364 : 00000000;
    0365 : 00000000;
    0366 : 00000000;
    0367 : 00000000;
    0368 : 00000000;
    0369 : 00000000;
    036A : 00000000;
    036B : 00000000;
    036C : 00000000;
    036D : 00000000;
    036E : 00000000;
    036F : 00000000;
    0370 : 00000000;
    0371 : 00000000;
    0372 : 00000000;
    0373 : 00000000;
    0374 : 00000000;
    0375 : 00000000;
    0376 : 00000000;
    0377 : 00000000;
    0378 : 00000000;
    0379 : 00000000;
    037A : 00000000;
    037B : 00000000;
    037C : 00000000;
    037D : 00000000;
    037E : 00000000;
    037F : 00000000;
    0380 : 00000000;
    0381 : 00000000;
    0382 : 00000000;
    0383 : 00000000;
    0384 : 00000000;
    0385 : 00000000;
    0386 : 00000000;
    0387 : 00000000;
    0388 : 00000000;
    0389 : 00000000;
    038A : 00000000;
    038B : 00000000;
    038C : 00000000;
    038D : 00000000;
    038E : 00000000;
    038F : 00000000;
    0390 : 00000000;
    0391 : 00000000;
    0392 : 00000000;
    0393 : 00000000;
    0394 : 00000000;
    0395 : 00000000;
    0396 : 00000000;
    0397 : 00000000;
    0398 : 00000000;
    0399 : 00000000;
    039A : 00000000;
    039B : 00000000;
    039C : 00000000;
    039D : 00000000;
    039E : 00000000;
    039F : 00000000;
    03A0 : 00000000;
    03A1 : 00000000;
    03A2 : 00000000;
    03A3 : 00000000;
    03A4 : 00000000;
    03A5 : 00000000;
    03A6 : 00000000;
    03A7 : 00000000;
    03A8 : 00000000;
    03A9 : 00000000;
    03AA : 00000000;
    03AB : 00000000;
    03AC : 00000000;
    03AD : 00000000;
    03AE : 00000000;
    03AF : 00000000;
    03B0 : 00000000;
    03B1 : 00000000;
    03B2 : 00000000;
    03B3 : 00000000;
    03B4 : 00000000;
    03B5 : 00000000;
    03B6 : 00000000;
    03B7 : 00000000;
    03B8 : 00000000;
    03B9 : 00000000;
    03BA : 00000000;
    03BB : 00000000;
    03BC : 00000000;
    03BD : 00000000;
    03BE : 00000000;
    03BF : 00000000;
    03C0 : 00000000;
    03C1 : 00000000;
    03C2 : 00000000;
    03C3 : 00000000;
    03C4 : 00000000;
    03C5 : 00000000;
    03C6 : 00000000;
    03C7 : 00000000;
    03C8 : 00000000;
    03C9 : 00000000;
    03CA : 00000000;
    03CB : 00000000;
    03CC : 00000000;
    03CD : 00000000;
    03CE : 00000000;
    03CF : 00000000;
    03D0 : 00000000;
    03D1 : 00000000;
    03D2 : 00000000;
    03D3 : 00000000;
    03D4 : 00000000;
    03D5 : 00000000;
    03D6 : 00000000;
    03D7 : 00000000;
    03D8 : 00000000;
    03D9 : 00000000;
    03DA : 00000000;
    03DB : 00000000;
    03DC : 00000000;
    03DD : 00000000;
    03DE : 00000000;
    03DF : 00000000;
    03E0 : 00000000;
    03E1 : 00000000;
    03E2 : 00000000;
    03E3 : 00000000;
    03E4 : 00000000;
    03E5 : 00000000;
    03E6 : 00000000;
    03E7 : 00000000;
    03E8 : 00000000;
    03E9 : 00000000;
    03EA : 00000000;
    03EB : 00000000;
    03EC : 00000000;
    03ED : 00000000;
    03EE : 00000000;
    03EF : 00000000;
    03F0 : 00000000;
    03F1 : 00000000;
    03F2 : 00000000;
    03F3 : 00000000;
    03F4 : 00000000;
    03F5 : 00000000;
    03F6 : 00000000;
    03F7 : 00000000;
    03F8 : 00000000;
    03F9 : 00000000;
    03FA : 00000000;
    03FB : 00000000;
    03FC : 00000000;
    03FD : 00000000;
    03FE : 00000000;
    03FF : 00000000;
    0400 : 00000000;
    0401 : 00000000;
    0402 : 00000000;
    0403 : 00000000;
    0404 : 00000000;
    0405 : 00000000;
    0406 : 00000000;
    0407 : 00000000;
    0408 : 00000000;
    0409 : 00000000;
    040A : 00000000;
    040B : 00000000;
    040C : 00000000;
    040D : 00000000;
    040E : 00000000;
    040F : 00000000;
    0410 : 00000000;
    0411 : 00000000;
    0412 : 00000000;
    0413 : 00000000;
    0414 : 00000000;
    0415 : 00000000;
    0416 : 00000000;
    0417 : 00000000;
    0418 : 00000000;
    0419 : 00000000;
    041A : 00000000;
    041B : 00000000;
    041C : 00000000;
    041D : 00000000;
    041E : 00000000;
    041F : 00000000;
    0420 : 00000000;
    0421 : 00000000;
    0422 : 00000000;
    0423 : 00000000;
    0424 : 00000000;
    0425 : 00000000;
    0426 : 00000000;
    0427 : 00000000;
    0428 : 00000000;
    0429 : 00000000;
    042A : 00000000;
    042B : 00000000;
    042C : 00000000;
    042D : 00000000;
    042E : 00000000;
    042F : 00000000;
    0430 : 00000000;
    0431 : 00000000;
    0432 : 00000000;
    0433 : 00000000;
    0434 : 00000000;
    0435 : 00000000;
    0436 : 00000000;
    0437 : 00000000;
    0438 : 00000000;
    0439 : 00000000;
    043A : 00000000;
    043B : 00000000;
    043C : 00000000;
    043D : 00000000;
    043E : 00000000;
    043F : 00000000;
    0440 : 00000000;
    0441 : 00000000;
    0442 : 00000000;
    0443 : 00000000;
    0444 : 00000000;
    0445 : 00000000;
    0446 : 00000000;
    0447 : 00000000;
    0448 : 00000000;
    0449 : 00000000;
    044A : 00000000;
    044B : 00000000;
    044C : 00000000;
    044D : 00000000;
    044E : 00000000;
    044F : 00000000;
    0450 : 00000000;
    0451 : 00000000;
    0452 : 00000000;
    0453 : 00000000;
    0454 : 00000000;
    0455 : 00000000;
    0456 : 00000000;
    0457 : 00000000;
    0458 : 00000000;
    0459 : 00000000;
    045A : 00000000;
    045B : 00000000;
    045C : 00000000;
    045D : 00000000;
    045E : 00000000;
    045F : 00000000;
    0460 : 00000000;
    0461 : 00000000;
    0462 : 00000000;
    0463 : 00000000;
    0464 : 00000000;
    0465 : 00000000;
    0466 : 00000000;
    0467 : 00000000;
    0468 : 00000000;
    0469 : 00000000;
    046A : 00000000;
    046B : 00000000;
    046C : 00000000;
    046D : 00000000;
    046E : 00000000;
    046F : 00000000;
    0470 : 00000000;
    0471 : 00000000;
    0472 : 00000000;
    0473 : 00000000;
    0474 : 00000000;
    0475 : 00000000;
    0476 : 00000000;
    0477 : 00000000;
    0478 : 00000000;
    0479 : 00000000;
    047A : 00000000;
    047B : 00000000;
    047C : 00000000;
    047D : 00000000;
    047E : 00000000;
    047F : 00000000;
    0480 : 00000000;
    0481 : 00000000;
    0482 : 00000000;
    0483 : 00000000;
    0484 : 00000000;
    0485 : 00000000;
    0486 : 00000000;
    0487 : 00000000;
    0488 : 00000000;
    0489 : 00000000;
    048A : 00000000;
    048B : 00000000;
    048C : 00000000;
    048D : 00000000;
    048E : 00000000;
    048F : 00000000;
    0490 : 00000000;
    0491 : 00000000;
    0492 : 00000000;
    0493 : 00000000;
    0494 : 00000000;
    0495 : 00000000;
    0496 : 00000000;
    0497 : 00000000;
    0498 : 00000000;
    0499 : 00000000;
    049A : 00000000;
    049B : 00000000;
    049C : 00000000;
    049D : 00000000;
    049E : 00000000;
    049F : 00000000;
    04A0 : 00000000;
    04A1 : 00000000;
    04A2 : 00000000;
    04A3 : 00000000;
    04A4 : 00000000;
    04A5 : 00000000;
    04A6 : 00000000;
    04A7 : 00000000;
    04A8 : 00000000;
    04A9 : 00000000;
    04AA : 00000000;
    04AB : 00000000;
    04AC : 00000000;
    04AD : 00000000;
    04AE : 00000000;
    04AF : 00000000;
    04B0 : 00000000;
    04B1 : 00000000;
    04B2 : 00000000;
    04B3 : 00000000;
    04B4 : 00000000;
    04B5 : 00000000;
    04B6 : 00000000;
    04B7 : 00000000;
    04B8 : 00000000;
    04B9 : 00000000;
    04BA : 00000000;
    04BB : 00000000;
    04BC : 00000000;
    04BD : 00000000;
    04BE : 00000000;
    04BF : 00000000;
    04C0 : 00000000;
    04C1 : 00000000;
    04C2 : 00000000;
    04C3 : 00000000;
    04C4 : 00000000;
    04C5 : 00000000;
    04C6 : 00000000;
    04C7 : 00000000;
    04C8 : 00000000;
    04C9 : 00000000;
    04CA : 00000000;
    04CB : 00000000;
    04CC : 00000000;
    04CD : 00000000;
    04CE : 00000000;
    04CF : 00000000;
    04D0 : 00000000;
    04D1 : 00000000;
    04D2 : 00000000;
    04D3 : 00000000;
    04D4 : 00000000;
    04D5 : 00000000;
    04D6 : 00000000;
    04D7 : 00000000;
    04D8 : 00000000;
    04D9 : 00000000;
    04DA : 00000000;
    04DB : 00000000;
    04DC : 00000000;
    04DD : 00000000;
    04DE : 00000000;
    04DF : 00000000;
    04E0 : 00000000;
    04E1 : 00000000;
    04E2 : 00000000;
    04E3 : 00000000;
    04E4 : 00000000;
    04E5 : 00000000;
    04E6 : 00000000;
    04E7 : 00000000;
    04E8 : 00000000;
    04E9 : 00000000;
    04EA : 00000000;
    04EB : 00000000;
    04EC : 00000000;
    04ED : 00000000;
    04EE : 00000000;
    04EF : 00000000;
    04F0 : 00000000;
    04F1 : 00000000;
    04F2 : 00000000;
    04F3 : 00000000;
    04F4 : 00000000;
    04F5 : 00000000;
    04F6 : 00000000;
    04F7 : 00000000;
    04F8 : 00000000;
    04F9 : 00000000;
    04FA : 00000000;
    04FB : 00000000;
    04FC : 00000000;
    04FD : 00000000;
    04FE : 00000000;
    04FF : 00000000;
    0500 : 00000000;
    0501 : 00000000;
    0502 : 00000000;
    0503 : 00000000;
    0504 : 00000000;
    0505 : 00000000;
    0506 : 00000000;
    0507 : 00000000;
    0508 : 00000000;
    0509 : 00000000;
    050A : 00000000;
    050B : 00000000;
    050C : 00000000;
    050D : 00000000;
    050E : 00000000;
    050F : 00000000;
    0510 : 00000000;
    0511 : 00000000;
    0512 : 00000000;
    0513 : 00000000;
    0514 : 00000000;
    0515 : 00000000;
    0516 : 00000000;
    0517 : 00000000;
    0518 : 00000000;
    0519 : 00000000;
    051A : 00000000;
    051B : 00000000;
    051C : 00000000;
    051D : 00000000;
    051E : 00000000;
    051F : 00000000;
    0520 : 00000000;
    0521 : 00000000;
    0522 : 00000000;
    0523 : 00000000;
    0524 : 00000000;
    0525 : 00000000;
    0526 : 00000000;
    0527 : 00000000;
    0528 : 00000000;
    0529 : 00000000;
    052A : 00000000;
    052B : 00000000;
    052C : 00000000;
    052D : 00000000;
    052E : 00000000;
    052F : 00000000;
    0530 : 00000000;
    0531 : 00000000;
    0532 : 00000000;
    0533 : 00000000;
    0534 : 00000000;
    0535 : 00000000;
    0536 : 00000000;
    0537 : 00000000;
    0538 : 00000000;
    0539 : 00000000;
    053A : 00000000;
    053B : 00000000;
    053C : 00000000;
    053D : 00000000;
    053E : 00000000;
    053F : 00000000;
    0540 : 00000000;
    0541 : 00000000;
    0542 : 00000000;
    0543 : 00000000;
    0544 : 00000000;
    0545 : 00000000;
    0546 : 00000000;
    0547 : 00000000;
    0548 : 00000000;
    0549 : 00000000;
    054A : 00000000;
    054B : 00000000;
    054C : 00000000;
    054D : 00000000;
    054E : 00000000;
    054F : 00000000;
    0550 : 00000000;
    0551 : 00000000;
    0552 : 00000000;
    0553 : 00000000;
    0554 : 00000000;
    0555 : 00000000;
    0556 : 00000000;
    0557 : 00000000;
    0558 : 00000000;
    0559 : 00000000;
    055A : 00000000;
    055B : 00000000;
    055C : 00000000;
    055D : 00000000;
    055E : 00000000;
    055F : 00000000;
    0560 : 00000000;
    0561 : 00000000;
    0562 : 00000000;
    0563 : 00000000;
    0564 : 00000000;
    0565 : 00000000;
    0566 : 00000000;
    0567 : 00000000;
    0568 : 00000000;
    0569 : 00000000;
    056A : 00000000;
    056B : 00000000;
    056C : 00000000;
    056D : 00000000;
    056E : 00000000;
    056F : 00000000;
    0570 : 00000000;
    0571 : 00000000;
    0572 : 00000000;
    0573 : 00000000;
    0574 : 00000000;
    0575 : 00000000;
    0576 : 00000000;
    0577 : 00000000;
    0578 : 00000000;
    0579 : 00000000;
    057A : 00000000;
    057B : 00000000;
    057C : 00000000;
    057D : 00000000;
    057E : 00000000;
    057F : 00000000;
    0580 : 00000000;
    0581 : 00000000;
    0582 : 00000000;
    0583 : 00000000;
    0584 : 00000000;
    0585 : 00000000;
    0586 : 00000000;
    0587 : 00000000;
    0588 : 00000000;
    0589 : 00000000;
    058A : 00000000;
    058B : 00000000;
    058C : 00000000;
    058D : 00000000;
    058E : 00000000;
    058F : 00000000;
    0590 : 00000000;
    0591 : 00000000;
    0592 : 00000000;
    0593 : 00000000;
    0594 : 00000000;
    0595 : 00000000;
    0596 : 00000000;
    0597 : 00000000;
    0598 : 00000000;
    0599 : 00000000;
    059A : 00000000;
    059B : 00000000;
    059C : 00000000;
    059D : 00000000;
    059E : 00000000;
    059F : 00000000;
    05A0 : 00000000;
    05A1 : 00000000;
    05A2 : 00000000;
    05A3 : 00000000;
    05A4 : 00000000;
    05A5 : 00000000;
    05A6 : 00000000;
    05A7 : 00000000;
    05A8 : 00000000;
    05A9 : 00000000;
    05AA : 00000000;
    05AB : 00000000;
    05AC : 00000000;
    05AD : 00000000;
    05AE : 00000000;
    05AF : 00000000;
    05B0 : 00000000;
    05B1 : 00000000;
    05B2 : 00000000;
    05B3 : 00000000;
    05B4 : 00000000;
    05B5 : 00000000;
    05B6 : 00000000;
    05B7 : 00000000;
    05B8 : 00000000;
    05B9 : 00000000;
    05BA : 00000000;
    05BB : 00000000;
    05BC : 00000000;
    05BD : 00000000;
    05BE : 00000000;
    05BF : 00000000;
    05C0 : 00000000;
    05C1 : 00000000;
    05C2 : 00000000;
    05C3 : 00000000;
    05C4 : 00000000;
    05C5 : 00000000;
    05C6 : 00000000;
    05C7 : 00000000;
    05C8 : 00000000;
    05C9 : 00000000;
    05CA : 00000000;
    05CB : 00000000;
    05CC : 00000000;
    05CD : 00000000;
    05CE : 00000000;
    05CF : 00000000;
    05D0 : 00000000;
    05D1 : 00000000;
    05D2 : 00000000;
    05D3 : 00000000;
    05D4 : 00000000;
    05D5 : 00000000;
    05D6 : 00000000;
    05D7 : 00000000;
    05D8 : 00000000;
    05D9 : 00000000;
    05DA : 00000000;
    05DB : 00000000;
    05DC : 00000000;
    05DD : 00000000;
    05DE : 00000000;
    05DF : 00000000;
    05E0 : 00000000;
    05E1 : 00000000;
    05E2 : 00000000;
    05E3 : 00000000;
    05E4 : 00000000;
    05E5 : 00000000;
    05E6 : 00000000;
    05E7 : 00000000;
    05E8 : 00000000;
    05E9 : 00000000;
    05EA : 00000000;
    05EB : 00000000;
    05EC : 00000000;
    05ED : 00000000;
    05EE : 00000000;
    05EF : 00000000;
    05F0 : 00000000;
    05F1 : 00000000;
    05F2 : 00000000;
    05F3 : 00000000;
    05F4 : 00000000;
    05F5 : 00000000;
    05F6 : 00000000;
    05F7 : 00000000;
    05F8 : 00000000;
    05F9 : 00000000;
    05FA : 00000000;
    05FB : 00000000;
    05FC : 00000000;
    05FD : 00000000;
    05FE : 00000000;
    05FF : 00000000;
    0600 : 00000000;
    0601 : 00000000;
    0602 : 00000000;
    0603 : 00000000;
    0604 : 00000000;
    0605 : 00000000;
    0606 : 00000000;
    0607 : 00000000;
    0608 : 00000000;
    0609 : 00000000;
    060A : 00000000;
    060B : 00000000;
    060C : 00000000;
    060D : 00000000;
    060E : 00000000;
    060F : 00000000;
    0610 : 00000000;
    0611 : 00000000;
    0612 : 00000000;
    0613 : 00000000;
    0614 : 00000000;
    0615 : 00000000;
    0616 : 00000000;
    0617 : 00000000;
    0618 : 00000000;
    0619 : 00000000;
    061A : 00000000;
    061B : 00000000;
    061C : 00000000;
    061D : 00000000;
    061E : 00000000;
    061F : 00000000;
    0620 : 00000000;
    0621 : 00000000;
    0622 : 00000000;
    0623 : 00000000;
    0624 : 00000000;
    0625 : 00000000;
    0626 : 00000000;
    0627 : 00000000;
    0628 : 00000000;
    0629 : 00000000;
    062A : 00000000;
    062B : 00000000;
    062C : 00000000;
    062D : 00000000;
    062E : 00000000;
    062F : 00000000;
    0630 : 00000000;
    0631 : 00000000;
    0632 : 00000000;
    0633 : 00000000;
    0634 : 00000000;
    0635 : 00000000;
    0636 : 00000000;
    0637 : 00000000;
    0638 : 00000000;
    0639 : 00000000;
    063A : 00000000;
    063B : 00000000;
    063C : 00000000;
    063D : 00000000;
    063E : 00000000;
    063F : 00000000;
    0640 : 00000000;
    0641 : 00000000;
    0642 : 00000000;
    0643 : 00000000;
    0644 : 00000000;
    0645 : 00000000;
    0646 : 00000000;
    0647 : 00000000;
    0648 : 00000000;
    0649 : 00000000;
    064A : 00000000;
    064B : 00000000;
    064C : 00000000;
    064D : 00000000;
    064E : 00000000;
    064F : 00000000;
    0650 : 00000000;
    0651 : 00000000;
    0652 : 00000000;
    0653 : 00000000;
    0654 : 00000000;
    0655 : 00000000;
    0656 : 00000000;
    0657 : 00000000;
    0658 : 00000000;
    0659 : 00000000;
    065A : 00000000;
    065B : 00000000;
    065C : 00000000;
    065D : 00000000;
    065E : 00000000;
    065F : 00000000;
    0660 : 00000000;
    0661 : 00000000;
    0662 : 00000000;
    0663 : 00000000;
    0664 : 00000000;
    0665 : 00000000;
    0666 : 00000000;
    0667 : 00000000;
    0668 : 00000000;
    0669 : 00000000;
    066A : 00000000;
    066B : 00000000;
    066C : 00000000;
    066D : 00000000;
    066E : 00000000;
    066F : 00000000;
    0670 : 00000000;
    0671 : 00000000;
    0672 : 00000000;
    0673 : 00000000;
    0674 : 00000000;
    0675 : 00000000;
    0676 : 00000000;
    0677 : 00000000;
    0678 : 00000000;
    0679 : 00000000;
    067A : 00000000;
    067B : 00000000;
    067C : 00000000;
    067D : 00000000;
    067E : 00000000;
    067F : 00000000;
    0680 : 00000000;
    0681 : 00000000;
    0682 : 00000000;
    0683 : 00000000;
    0684 : 00000000;
    0685 : 00000000;
    0686 : 00000000;
    0687 : 00000000;
    0688 : 00000000;
    0689 : 00000000;
    068A : 00000000;
    068B : 00000000;
    068C : 00000000;
    068D : 00000000;
    068E : 00000000;
    068F : 00000000;
    0690 : 00000000;
    0691 : 00000000;
    0692 : 00000000;
    0693 : 00000000;
    0694 : 00000000;
    0695 : 00000000;
    0696 : 00000000;
    0697 : 00000000;
    0698 : 00000000;
    0699 : 00000000;
    069A : 00000000;
    069B : 00000000;
    069C : 00000000;
    069D : 00000000;
    069E : 00000000;
    069F : 00000000;
    06A0 : 00000000;
    06A1 : 00000000;
    06A2 : 00000000;
    06A3 : 00000000;
    06A4 : 00000000;
    06A5 : 00000000;
    06A6 : 00000000;
    06A7 : 00000000;
    06A8 : 00000000;
    06A9 : 00000000;
    06AA : 00000000;
    06AB : 00000000;
    06AC : 00000000;
    06AD : 00000000;
    06AE : 00000000;
    06AF : 00000000;
    06B0 : 00000000;
    06B1 : 00000000;
    06B2 : 00000000;
    06B3 : 00000000;
    06B4 : 00000000;
    06B5 : 00000000;
    06B6 : 00000000;
    06B7 : 00000000;
    06B8 : 00000000;
    06B9 : 00000000;
    06BA : 00000000;
    06BB : 00000000;
    06BC : 00000000;
    06BD : 00000000;
    06BE : 00000000;
    06BF : 00000000;
    06C0 : 00000000;
    06C1 : 00000000;
    06C2 : 00000000;
    06C3 : 00000000;
    06C4 : 00000000;
    06C5 : 00000000;
    06C6 : 00000000;
    06C7 : 00000000;
    06C8 : 00000000;
    06C9 : 00000000;
    06CA : 00000000;
    06CB : 00000000;
    06CC : 00000000;
    06CD : 00000000;
    06CE : 00000000;
    06CF : 00000000;
    06D0 : 00000000;
    06D1 : 00000000;
    06D2 : 00000000;
    06D3 : 00000000;
    06D4 : 00000000;
    06D5 : 00000000;
    06D6 : 00000000;
    06D7 : 00000000;
    06D8 : 00000000;
    06D9 : 00000000;
    06DA : 00000000;
    06DB : 00000000;
    06DC : 00000000;
    06DD : 00000000;
    06DE : 00000000;
    06DF : 00000000;
    06E0 : 00000000;
    06E1 : 00000000;
    06E2 : 00000000;
    06E3 : 00000000;
    06E4 : 00000000;
    06E5 : 00000000;
    06E6 : 00000000;
    06E7 : 00000000;
    06E8 : 00000000;
    06E9 : 00000000;
    06EA : 00000000;
    06EB : 00000000;
    06EC : 00000000;
    06ED : 00000000;
    06EE : 00000000;
    06EF : 00000000;
    06F0 : 00000000;
    06F1 : 00000000;
    06F2 : 00000000;
    06F3 : 00000000;
    06F4 : 00000000;
    06F5 : 00000000;
    06F6 : 00000000;
    06F7 : 00000000;
    06F8 : 00000000;
    06F9 : 00000000;
    06FA : 00000000;
    06FB : 00000000;
    06FC : 00000000;
    06FD : 00000000;
    06FE : 00000000;
    06FF : 00000000;
    0700 : 00000000;
    0701 : 00000000;
    0702 : 00000000;
    0703 : 00000000;
    0704 : 00000000;
    0705 : 00000000;
    0706 : 00000000;
    0707 : 00000000;
    0708 : 00000000;
    0709 : 00000000;
    070A : 00000000;
    070B : 00000000;
    070C : 00000000;
    070D : 00000000;
    070E : 00000000;
    070F : 00000000;
    0710 : 00000000;
    0711 : 00000000;
    0712 : 00000000;
    0713 : 00000000;
    0714 : 00000000;
    0715 : 00000000;
    0716 : 00000000;
    0717 : 00000000;
    0718 : 00000000;
    0719 : 00000000;
    071A : 00000000;
    071B : 00000000;
    071C : 00000000;
    071D : 00000000;
    071E : 00000000;
    071F : 00000000;
    0720 : 00000000;
    0721 : 00000000;
    0722 : 00000000;
    0723 : 00000000;
    0724 : 00000000;
    0725 : 00000000;
    0726 : 00000000;
    0727 : 00000000;
    0728 : 00000000;
    0729 : 00000000;
    072A : 00000000;
    072B : 00000000;
    072C : 00000000;
    072D : 00000000;
    072E : 00000000;
    072F : 00000000;
    0730 : 00000000;
    0731 : 00000000;
    0732 : 00000000;
    0733 : 00000000;
    0734 : 00000000;
    0735 : 00000000;
    0736 : 00000000;
    0737 : 00000000;
    0738 : 00000000;
    0739 : 00000000;
    073A : 00000000;
    073B : 00000000;
    073C : 00000000;
    073D : 00000000;
    073E : 00000000;
    073F : 00000000;
    0740 : 00000000;
    0741 : 00000000;
    0742 : 00000000;
    0743 : 00000000;
    0744 : 00000000;
    0745 : 00000000;
    0746 : 00000000;
    0747 : 00000000;
    0748 : 00000000;
    0749 : 00000000;
    074A : 00000000;
    074B : 00000000;
    074C : 00000000;
    074D : 00000000;
    074E : 00000000;
    074F : 00000000;
    0750 : 00000000;
    0751 : 00000000;
    0752 : 00000000;
    0753 : 00000000;
    0754 : 00000000;
    0755 : 00000000;
    0756 : 00000000;
    0757 : 00000000;
    0758 : 00000000;
    0759 : 00000000;
    075A : 00000000;
    075B : 00000000;
    075C : 00000000;
    075D : 00000000;
    075E : 00000000;
    075F : 00000000;
    0760 : 00000000;
    0761 : 00000000;
    0762 : 00000000;
    0763 : 00000000;
    0764 : 00000000;
    0765 : 00000000;
    0766 : 00000000;
    0767 : 00000000;
    0768 : 00000000;
    0769 : 00000000;
    076A : 00000000;
    076B : 00000000;
    076C : 00000000;
    076D : 00000000;
    076E : 00000000;
    076F : 00000000;
    0770 : 00000000;
    0771 : 00000000;
    0772 : 00000000;
    0773 : 00000000;
    0774 : 00000000;
    0775 : 00000000;
    0776 : 00000000;
    0777 : 00000000;
    0778 : 00000000;
    0779 : 00000000;
    077A : 00000000;
    077B : 00000000;
    077C : 00000000;
    077D : 00000000;
    077E : 00000000;
    077F : 00000000;
    0780 : 00000000;
    0781 : 00000000;
    0782 : 00000000;
    0783 : 00000000;
    0784 : 00000000;
    0785 : 00000000;
    0786 : 00000000;
    0787 : 00000000;
    0788 : 00000000;
    0789 : 00000000;
    078A : 00000000;
    078B : 00000000;
    078C : 00000000;
    078D : 00000000;
    078E : 00000000;
    078F : 00000000;
    0790 : 00000000;
    0791 : 00000000;
    0792 : 00000000;
    0793 : 00000000;
    0794 : 00000000;
    0795 : 00000000;
    0796 : 00000000;
    0797 : 00000000;
    0798 : 00000000;
    0799 : 00000000;
    079A : 00000000;
    079B : 00000000;
    079C : 00000000;
    079D : 00000000;
    079E : 00000000;
    079F : 00000000;
    07A0 : 00000000;
    07A1 : 00000000;
    07A2 : 00000000;
    07A3 : 00000000;
    07A4 : 00000000;
    07A5 : 00000000;
    07A6 : 00000000;
    07A7 : 00000000;
    07A8 : 00000000;
    07A9 : 00000000;
    07AA : 00000000;
    07AB : 00000000;
    07AC : 00000000;
    07AD : 00000000;
    07AE : 00000000;
    07AF : 00000000;
    07B0 : 00000000;
    07B1 : 00000000;
    07B2 : 00000000;
    07B3 : 00000000;
    07B4 : 00000000;
    07B5 : 00000000;
    07B6 : 00000000;
    07B7 : 00000000;
    07B8 : 00000000;
    07B9 : 00000000;
    07BA : 00000000;
    07BB : 00000000;
    07BC : 00000000;
    07BD : 00000000;
    07BE : 00000000;
    07BF : 00000000;
    07C0 : 00000000;
    07C1 : 00000000;
    07C2 : 00000000;
    07C3 : 00000000;
    07C4 : 00000000;
    07C5 : 00000000;
    07C6 : 00000000;
    07C7 : 00000000;
    07C8 : 00000000;
    07C9 : 00000000;
    07CA : 00000000;
    07CB : 00000000;
    07CC : 00000000;
    07CD : 00000000;
    07CE : 00000000;
    07CF : 00000000;
    07D0 : 00000000;
    07D1 : 00000000;
    07D2 : 00000000;
    07D3 : 00000000;
    07D4 : 00000000;
    07D5 : 00000000;
    07D6 : 00000000;
    07D7 : 00000000;
    07D8 : 00000000;
    07D9 : 00000000;
    07DA : 00000000;
    07DB : 00000000;
    07DC : 00000000;
    07DD : 00000000;
    07DE : 00000000;
    07DF : 00000000;
    07E0 : 00000000;
    07E1 : 00000000;
    07E2 : 00000000;
    07E3 : 00000000;
    07E4 : 00000000;
    07E5 : 00000000;
    07E6 : 00000000;
    07E7 : 00000000;
    07E8 : 00000000;
    07E9 : 00000000;
    07EA : 00000000;
    07EB : 00000000;
    07EC : 00000000;
    07ED : 00000000;
    07EE : 00000000;
    07EF : 00000000;
    07F0 : 00000000;
    07F1 : 00000000;
    07F2 : 00000000;
    07F3 : 00000000;
    07F4 : 00000000;
    07F5 : 00000000;
    07F6 : 00000000;
    07F7 : 00000000;
    07F8 : 00000000;
    07F9 : 00000000;
    07FA : 00000000;
    07FB : 00000000;
    07FC : 00000000;
    07FD : 00000000;
    07FE : 00000000;
    07FF : 00000000;
    0800 : 00000000;
    0801 : 00000000;
    0802 : 00000000;
    0803 : 00000000;
    0804 : 00000000;
    0805 : 00000000;
    0806 : 00000000;
    0807 : 00000000;
    0808 : 00000000;
    0809 : 00000000;
    080A : 00000000;
    080B : 00000000;
    080C : 00000000;
    080D : 00000000;
    080E : 00000000;
    080F : 00000000;
    0810 : 00000000;
    0811 : 00000000;
    0812 : 00000000;
    0813 : 00000000;
    0814 : 00000000;
    0815 : 00000000;
    0816 : 00000000;
    0817 : 00000000;
    0818 : 00000000;
    0819 : 00000000;
    081A : 00000000;
    081B : 00000000;
    081C : 00000000;
    081D : 00000000;
    081E : 00000000;
    081F : 00000000;
    0820 : 00000000;
    0821 : 00000000;
    0822 : 00000000;
    0823 : 00000000;
    0824 : 00000000;
    0825 : 00000000;
    0826 : 00000000;
    0827 : 00000000;
    0828 : 00000000;
    0829 : 00000000;
    082A : 00000000;
    082B : 00000000;
    082C : 00000000;
    082D : 00000000;
    082E : 00000000;
    082F : 00000000;
    0830 : 00000000;
    0831 : 00000000;
    0832 : 00000000;
    0833 : 00000000;
    0834 : 00000000;
    0835 : 00000000;
    0836 : 00000000;
    0837 : 00000000;
    0838 : 00000000;
    0839 : 00000000;
    083A : 00000000;
    083B : 00000000;
    083C : 00000000;
    083D : 00000000;
    083E : 00000000;
    083F : 00000000;
    0840 : 00000000;
    0841 : 00000000;
    0842 : 00000000;
    0843 : 00000000;
    0844 : 00000000;
    0845 : 00000000;
    0846 : 00000000;
    0847 : 00000000;
    0848 : 00000000;
    0849 : 00000000;
    084A : 00000000;
    084B : 00000000;
    084C : 00000000;
    084D : 00000000;
    084E : 00000000;
    084F : 00000000;
    0850 : 00000000;
    0851 : 00000000;
    0852 : 00000000;
    0853 : 00000000;
    0854 : 00000000;
    0855 : 00000000;
    0856 : 00000000;
    0857 : 00000000;
    0858 : 00000000;
    0859 : 00000000;
    085A : 00000000;
    085B : 00000000;
    085C : 00000000;
    085D : 00000000;
    085E : 00000000;
    085F : 00000000;
    0860 : 00000000;
    0861 : 00000000;
    0862 : 00000000;
    0863 : 00000000;
    0864 : 00000000;
    0865 : 00000000;
    0866 : 00000000;
    0867 : 00000000;
    0868 : 00000000;
    0869 : 00000000;
    086A : 00000000;
    086B : 00000000;
    086C : 00000000;
    086D : 00000000;
    086E : 00000000;
    086F : 00000000;
    0870 : 00000000;
    0871 : 00000000;
    0872 : 00000000;
    0873 : 00000000;
    0874 : 00000000;
    0875 : 00000000;
    0876 : 00000000;
    0877 : 00000000;
    0878 : 00000000;
    0879 : 00000000;
    087A : 00000000;
    087B : 00000000;
    087C : 00000000;
    087D : 00000000;
    087E : 00000000;
    087F : 00000000;
    0880 : 00000000;
    0881 : 00000000;
    0882 : 00000000;
    0883 : 00000000;
    0884 : 00000000;
    0885 : 00000000;
    0886 : 00000000;
    0887 : 00000000;
    0888 : 00000000;
    0889 : 00000000;
    088A : 00000000;
    088B : 00000000;
    088C : 00000000;
    088D : 00000000;
    088E : 00000000;
    088F : 00000000;
    0890 : 00000000;
    0891 : 00000000;
    0892 : 00000000;
    0893 : 00000000;
    0894 : 00000000;
    0895 : 00000000;
    0896 : 00000000;
    0897 : 00000000;
    0898 : 00000000;
    0899 : 00000000;
    089A : 00000000;
    089B : 00000000;
    089C : 00000000;
    089D : 00000000;
    089E : 00000000;
    089F : 00000000;
    08A0 : 00000000;
    08A1 : 00000000;
    08A2 : 00000000;
    08A3 : 00000000;
    08A4 : 00000000;
    08A5 : 00000000;
    08A6 : 00000000;
    08A7 : 00000000;
    08A8 : 00000000;
    08A9 : 00000000;
    08AA : 00000000;
    08AB : 00000000;
    08AC : 00000000;
    08AD : 00000000;
    08AE : 00000000;
    08AF : 00000000;
    08B0 : 00000000;
    08B1 : 00000000;
    08B2 : 00000000;
    08B3 : 00000000;
    08B4 : 00000000;
    08B5 : 00000000;
    08B6 : 00000000;
    08B7 : 00000000;
    08B8 : 00000000;
    08B9 : 00000000;
    08BA : 00000000;
    08BB : 00000000;
    08BC : 00000000;
    08BD : 00000000;
    08BE : 00000000;
    08BF : 00000000;
    08C0 : 00000000;
    08C1 : 00000000;
    08C2 : 00000000;
    08C3 : 00000000;
    08C4 : 00000000;
    08C5 : 00000000;
    08C6 : 00000000;
    08C7 : 00000000;
    08C8 : 00000000;
    08C9 : 00000000;
    08CA : 00000000;
    08CB : 00000000;
    08CC : 00000000;
    08CD : 00000000;
    08CE : 00000000;
    08CF : 00000000;
    08D0 : 00000000;
    08D1 : 00000000;
    08D2 : 00000000;
    08D3 : 00000000;
    08D4 : 00000000;
    08D5 : 00000000;
    08D6 : 00000000;
    08D7 : 00000000;
    08D8 : 00000000;
    08D9 : 00000000;
    08DA : 00000000;
    08DB : 00000000;
    08DC : 00000000;
    08DD : 00000000;
    08DE : 00000000;
    08DF : 00000000;
    08E0 : 00000000;
    08E1 : 00000000;
    08E2 : 00000000;
    08E3 : 00000000;
    08E4 : 00000000;
    08E5 : 00000000;
    08E6 : 00000000;
    08E7 : 00000000;
    08E8 : 00000000;
    08E9 : 00000000;
    08EA : 00000000;
    08EB : 00000000;
    08EC : 00000000;
    08ED : 00000000;
    08EE : 00000000;
    08EF : 00000000;
    08F0 : 00000000;
    08F1 : 00000000;
    08F2 : 00000000;
    08F3 : 00000000;
    08F4 : 00000000;
    08F5 : 00000000;
    08F6 : 00000000;
    08F7 : 00000000;
    08F8 : 00000000;
    08F9 : 00000000;
    08FA : 00000000;
    08FB : 00000000;
    08FC : 00000000;
    08FD : 00000000;
    08FE : 00000000;
    08FF : 00000000;
    0900 : 00000000;
    0901 : 00000000;
    0902 : 00000000;
    0903 : 00000000;
    0904 : 00000000;
    0905 : 00000000;
    0906 : 00000000;
    0907 : 00000000;
    0908 : 00000000;
    0909 : 00000000;
    090A : 00000000;
    090B : 00000000;
    090C : 00000000;
    090D : 00000000;
    090E : 00000000;
    090F : 00000000;
    0910 : 00000000;
    0911 : 00000000;
    0912 : 00000000;
    0913 : 00000000;
    0914 : 00000000;
    0915 : 00000000;
    0916 : 00000000;
    0917 : 00000000;
    0918 : 00000000;
    0919 : 00000000;
    091A : 00000000;
    091B : 00000000;
    091C : 00000000;
    091D : 00000000;
    091E : 00000000;
    091F : 00000000;
    0920 : 00000000;
    0921 : 00000000;
    0922 : 00000000;
    0923 : 00000000;
    0924 : 00000000;
    0925 : 00000000;
    0926 : 00000000;
    0927 : 00000000;
    0928 : 00000000;
    0929 : 00000000;
    092A : 00000000;
    092B : 00000000;
    092C : 00000000;
    092D : 00000000;
    092E : 00000000;
    092F : 00000000;
    0930 : 00000000;
    0931 : 00000000;
    0932 : 00000000;
    0933 : 00000000;
    0934 : 00000000;
    0935 : 00000000;
    0936 : 00000000;
    0937 : 00000000;
    0938 : 00000000;
    0939 : 00000000;
    093A : 00000000;
    093B : 00000000;
    093C : 00000000;
    093D : 00000000;
    093E : 00000000;
    093F : 00000000;
    0940 : 00000000;
    0941 : 00000000;
    0942 : 00000000;
    0943 : 00000000;
    0944 : 00000000;
    0945 : 00000000;
    0946 : 00000000;
    0947 : 00000000;
    0948 : 00000000;
    0949 : 00000000;
    094A : 00000000;
    094B : 00000000;
    094C : 00000000;
    094D : 00000000;
    094E : 00000000;
    094F : 00000000;
    0950 : 00000000;
    0951 : 00000000;
    0952 : 00000000;
    0953 : 00000000;
    0954 : 00000000;
    0955 : 00000000;
    0956 : 00000000;
    0957 : 00000000;
    0958 : 00000000;
    0959 : 00000000;
    095A : 00000000;
    095B : 00000000;
    095C : 00000000;
    095D : 00000000;
    095E : 00000000;
    095F : 00000000;
    0960 : 00000000;
    0961 : 00000000;
    0962 : 00000000;
    0963 : 00000000;
    0964 : 00000000;
    0965 : 00000000;
    0966 : 00000000;
    0967 : 00000000;
    0968 : 00000000;
    0969 : 00000000;
    096A : 00000000;
    096B : 00000000;
    096C : 00000000;
    096D : 00000000;
    096E : 00000000;
    096F : 00000000;
    0970 : 00000000;
    0971 : 00000000;
    0972 : 00000000;
    0973 : 00000000;
    0974 : 00000000;
    0975 : 00000000;
    0976 : 00000000;
    0977 : 00000000;
    0978 : 00000000;
    0979 : 00000000;
    097A : 00000000;
    097B : 00000000;
    097C : 00000000;
    097D : 00000000;
    097E : 00000000;
    097F : 00000000;
    0980 : 00000000;
    0981 : 00000000;
    0982 : 00000000;
    0983 : 00000000;
    0984 : 00000000;
    0985 : 00000000;
    0986 : 00000000;
    0987 : 00000000;
    0988 : 00000000;
    0989 : 00000000;
    098A : 00000000;
    098B : 00000000;
    098C : 00000000;
    098D : 00000000;
    098E : 00000000;
    098F : 00000000;
    0990 : 00000000;
    0991 : 00000000;
    0992 : 00000000;
    0993 : 00000000;
    0994 : 00000000;
    0995 : 00000000;
    0996 : 00000000;
    0997 : 00000000;
    0998 : 00000000;
    0999 : 00000000;
    099A : 00000000;
    099B : 00000000;
    099C : 00000000;
    099D : 00000000;
    099E : 00000000;
    099F : 00000000;
    09A0 : 00000000;
    09A1 : 00000000;
    09A2 : 00000000;
    09A3 : 00000000;
    09A4 : 00000000;
    09A5 : 00000000;
    09A6 : 00000000;
    09A7 : 00000000;
    09A8 : 00000000;
    09A9 : 00000000;
    09AA : 00000000;
    09AB : 00000000;
    09AC : 00000000;
    09AD : 00000000;
    09AE : 00000000;
    09AF : 00000000;
    09B0 : 00000000;
    09B1 : 00000000;
    09B2 : 00000000;
    09B3 : 00000000;
    09B4 : 00000000;
    09B5 : 00000000;
    09B6 : 00000000;
    09B7 : 00000000;
    09B8 : 00000000;
    09B9 : 00000000;
    09BA : 00000000;
    09BB : 00000000;
    09BC : 00000000;
    09BD : 00000000;
    09BE : 00000000;
    09BF : 00000000;
    09C0 : 00000000;
    09C1 : 00000000;
    09C2 : 00000000;
    09C3 : 00000000;
    09C4 : 00000000;
    09C5 : 00000000;
    09C6 : 00000000;
    09C7 : 00000000;
    09C8 : 00000000;
    09C9 : 00000000;
    09CA : 00000000;
    09CB : 00000000;
    09CC : 00000000;
    09CD : 00000000;
    09CE : 00000000;
    09CF : 00000000;
    09D0 : 00000000;
    09D1 : 00000000;
    09D2 : 00000000;
    09D3 : 00000000;
    09D4 : 00000000;
    09D5 : 00000000;
    09D6 : 00000000;
    09D7 : 00000000;
    09D8 : 00000000;
    09D9 : 00000000;
    09DA : 00000000;
    09DB : 00000000;
    09DC : 00000000;
    09DD : 00000000;
    09DE : 00000000;
    09DF : 00000000;
    09E0 : 00000000;
    09E1 : 00000000;
    09E2 : 00000000;
    09E3 : 00000000;
    09E4 : 00000000;
    09E5 : 00000000;
    09E6 : 00000000;
    09E7 : 00000000;
    09E8 : 00000000;
    09E9 : 00000000;
    09EA : 00000000;
    09EB : 00000000;
    09EC : 00000000;
    09ED : 00000000;
    09EE : 00000000;
    09EF : 00000000;
    09F0 : 00000000;
    09F1 : 00000000;
    09F2 : 00000000;
    09F3 : 00000000;
    09F4 : 00000000;
    09F5 : 00000000;
    09F6 : 00000000;
    09F7 : 00000000;
    09F8 : 00000000;
    09F9 : 00000000;
    09FA : 00000000;
    09FB : 00000000;
    09FC : 00000000;
    09FD : 00000000;
    09FE : 00000000;
    09FF : 00000000;
    0A00 : 00000000;
    0A01 : 00000000;
    0A02 : 00000000;
    0A03 : 00000000;
    0A04 : 00000000;
    0A05 : 00000000;
    0A06 : 00000000;
    0A07 : 00000000;
    0A08 : 00000000;
    0A09 : 00000000;
    0A0A : 00000000;
    0A0B : 00000000;
    0A0C : 00000000;
    0A0D : 00000000;
    0A0E : 00000000;
    0A0F : 00000000;
    0A10 : 00000000;
    0A11 : 00000000;
    0A12 : 00000000;
    0A13 : 00000000;
    0A14 : 00000000;
    0A15 : 00000000;
    0A16 : 00000000;
    0A17 : 00000000;
    0A18 : 00000000;
    0A19 : 00000000;
    0A1A : 00000000;
    0A1B : 00000000;
    0A1C : 00000000;
    0A1D : 00000000;
    0A1E : 00000000;
    0A1F : 00000000;
    0A20 : 00000000;
    0A21 : 00000000;
    0A22 : 00000000;
    0A23 : 00000000;
    0A24 : 00000000;
    0A25 : 00000000;
    0A26 : 00000000;
    0A27 : 00000000;
    0A28 : 00000000;
    0A29 : 00000000;
    0A2A : 00000000;
    0A2B : 00000000;
    0A2C : 00000000;
    0A2D : 00000000;
    0A2E : 00000000;
    0A2F : 00000000;
    0A30 : 00000000;
    0A31 : 00000000;
    0A32 : 00000000;
    0A33 : 00000000;
    0A34 : 00000000;
    0A35 : 00000000;
    0A36 : 00000000;
    0A37 : 00000000;
    0A38 : 00000000;
    0A39 : 00000000;
    0A3A : 00000000;
    0A3B : 00000000;
    0A3C : 00000000;
    0A3D : 00000000;
    0A3E : 00000000;
    0A3F : 00000000;
    0A40 : 00000000;
    0A41 : 00000000;
    0A42 : 00000000;
    0A43 : 00000000;
    0A44 : 00000000;
    0A45 : 00000000;
    0A46 : 00000000;
    0A47 : 00000000;
    0A48 : 00000000;
    0A49 : 00000000;
    0A4A : 00000000;
    0A4B : 00000000;
    0A4C : 00000000;
    0A4D : 00000000;
    0A4E : 00000000;
    0A4F : 00000000;
    0A50 : 00000000;
    0A51 : 00000000;
    0A52 : 00000000;
    0A53 : 00000000;
    0A54 : 00000000;
    0A55 : 00000000;
    0A56 : 00000000;
    0A57 : 00000000;
    0A58 : 00000000;
    0A59 : 00000000;
    0A5A : 00000000;
    0A5B : 00000000;
    0A5C : 00000000;
    0A5D : 00000000;
    0A5E : 00000000;
    0A5F : 00000000;
    0A60 : 00000000;
    0A61 : 00000000;
    0A62 : 00000000;
    0A63 : 00000000;
    0A64 : 00000000;
    0A65 : 00000000;
    0A66 : 00000000;
    0A67 : 00000000;
    0A68 : 00000000;
    0A69 : 00000000;
    0A6A : 00000000;
    0A6B : 00000000;
    0A6C : 00000000;
    0A6D : 00000000;
    0A6E : 00000000;
    0A6F : 00000000;
    0A70 : 00000000;
    0A71 : 00000000;
    0A72 : 00000000;
    0A73 : 00000000;
    0A74 : 00000000;
    0A75 : 00000000;
    0A76 : 00000000;
    0A77 : 00000000;
    0A78 : 00000000;
    0A79 : 00000000;
    0A7A : 00000000;
    0A7B : 00000000;
    0A7C : 00000000;
    0A7D : 00000000;
    0A7E : 00000000;
    0A7F : 00000000;
    0A80 : 00000000;
    0A81 : 00000000;
    0A82 : 00000000;
    0A83 : 00000000;
    0A84 : 00000000;
    0A85 : 00000000;
    0A86 : 00000000;
    0A87 : 00000000;
    0A88 : 00000000;
    0A89 : 00000000;
    0A8A : 00000000;
    0A8B : 00000000;
    0A8C : 00000000;
    0A8D : 00000000;
    0A8E : 00000000;
    0A8F : 00000000;
    0A90 : 00000000;
    0A91 : 00000000;
    0A92 : 00000000;
    0A93 : 00000000;
    0A94 : 00000000;
    0A95 : 00000000;
    0A96 : 00000000;
    0A97 : 00000000;
    0A98 : 00000000;
    0A99 : 00000000;
    0A9A : 00000000;
    0A9B : 00000000;
    0A9C : 00000000;
    0A9D : 00000000;
    0A9E : 00000000;
    0A9F : 00000000;
    0AA0 : 00000000;
    0AA1 : 00000000;
    0AA2 : 00000000;
    0AA3 : 00000000;
    0AA4 : 00000000;
    0AA5 : 00000000;
    0AA6 : 00000000;
    0AA7 : 00000000;
    0AA8 : 00000000;
    0AA9 : 00000000;
    0AAA : 00000000;
    0AAB : 00000000;
    0AAC : 00000000;
    0AAD : 00000000;
    0AAE : 00000000;
    0AAF : 00000000;
    0AB0 : 00000000;
    0AB1 : 00000000;
    0AB2 : 00000000;
    0AB3 : 00000000;
    0AB4 : 00000000;
    0AB5 : 00000000;
    0AB6 : 00000000;
    0AB7 : 00000000;
    0AB8 : 00000000;
    0AB9 : 00000000;
    0ABA : 00000000;
    0ABB : 00000000;
    0ABC : 00000000;
    0ABD : 00000000;
    0ABE : 00000000;
    0ABF : 00000000;
    0AC0 : 00000000;
    0AC1 : 00000000;
    0AC2 : 00000000;
    0AC3 : 00000000;
    0AC4 : 00000000;
    0AC5 : 00000000;
    0AC6 : 00000000;
    0AC7 : 00000000;
    0AC8 : 00000000;
    0AC9 : 00000000;
    0ACA : 00000000;
    0ACB : 00000000;
    0ACC : 00000000;
    0ACD : 00000000;
    0ACE : 00000000;
    0ACF : 00000000;
    0AD0 : 00000000;
    0AD1 : 00000000;
    0AD2 : 00000000;
    0AD3 : 00000000;
    0AD4 : 00000000;
    0AD5 : 00000000;
    0AD6 : 00000000;
    0AD7 : 00000000;
    0AD8 : 00000000;
    0AD9 : 00000000;
    0ADA : 00000000;
    0ADB : 00000000;
    0ADC : 00000000;
    0ADD : 00000000;
    0ADE : 00000000;
    0ADF : 00000000;
    0AE0 : 00000000;
    0AE1 : 00000000;
    0AE2 : 00000000;
    0AE3 : 00000000;
    0AE4 : 00000000;
    0AE5 : 00000000;
    0AE6 : 00000000;
    0AE7 : 00000000;
    0AE8 : 00000000;
    0AE9 : 00000000;
    0AEA : 00000000;
    0AEB : 00000000;
    0AEC : 00000000;
    0AED : 00000000;
    0AEE : 00000000;
    0AEF : 00000000;
    0AF0 : 00000000;
    0AF1 : 00000000;
    0AF2 : 00000000;
    0AF3 : 00000000;
    0AF4 : 00000000;
    0AF5 : 00000000;
    0AF6 : 00000000;
    0AF7 : 00000000;
    0AF8 : 00000000;
    0AF9 : 00000000;
    0AFA : 00000000;
    0AFB : 00000000;
    0AFC : 00000000;
    0AFD : 00000000;
    0AFE : 00000000;
    0AFF : 00000000;
    0B00 : 00000000;
    0B01 : 00000000;
    0B02 : 00000000;
    0B03 : 00000000;
    0B04 : 00000000;
    0B05 : 00000000;
    0B06 : 00000000;
    0B07 : 00000000;
    0B08 : 00000000;
    0B09 : 00000000;
    0B0A : 00000000;
    0B0B : 00000000;
    0B0C : 00000000;
    0B0D : 00000000;
    0B0E : 00000000;
    0B0F : 00000000;
    0B10 : 00000000;
    0B11 : 00000000;
    0B12 : 00000000;
    0B13 : 00000000;
    0B14 : 00000000;
    0B15 : 00000000;
    0B16 : 00000000;
    0B17 : 00000000;
    0B18 : 00000000;
    0B19 : 00000000;
    0B1A : 00000000;
    0B1B : 00000000;
    0B1C : 00000000;
    0B1D : 00000000;
    0B1E : 00000000;
    0B1F : 00000000;
    0B20 : 00000000;
    0B21 : 00000000;
    0B22 : 00000000;
    0B23 : 00000000;
    0B24 : 00000000;
    0B25 : 00000000;
    0B26 : 00000000;
    0B27 : 00000000;
    0B28 : 00000000;
    0B29 : 00000000;
    0B2A : 00000000;
    0B2B : 00000000;
    0B2C : 00000000;
    0B2D : 00000000;
    0B2E : 00000000;
    0B2F : 00000000;
    0B30 : 00000000;
    0B31 : 00000000;
    0B32 : 00000000;
    0B33 : 00000000;
    0B34 : 00000000;
    0B35 : 00000000;
    0B36 : 00000000;
    0B37 : 00000000;
    0B38 : 00000000;
    0B39 : 00000000;
    0B3A : 00000000;
    0B3B : 00000000;
    0B3C : 00000000;
    0B3D : 00000000;
    0B3E : 00000000;
    0B3F : 00000000;
    0B40 : 00000000;
    0B41 : 00000000;
    0B42 : 00000000;
    0B43 : 00000000;
    0B44 : 00000000;
    0B45 : 00000000;
    0B46 : 00000000;
    0B47 : 00000000;
    0B48 : 00000000;
    0B49 : 00000000;
    0B4A : 00000000;
    0B4B : 00000000;
    0B4C : 00000000;
    0B4D : 00000000;
    0B4E : 00000000;
    0B4F : 00000000;
    0B50 : 00000000;
    0B51 : 00000000;
    0B52 : 00000000;
    0B53 : 00000000;
    0B54 : 00000000;
    0B55 : 00000000;
    0B56 : 00000000;
    0B57 : 00000000;
    0B58 : 00000000;
    0B59 : 00000000;
    0B5A : 00000000;
    0B5B : 00000000;
    0B5C : 00000000;
    0B5D : 00000000;
    0B5E : 00000000;
    0B5F : 00000000;
    0B60 : 00000000;
    0B61 : 00000000;
    0B62 : 00000000;
    0B63 : 00000000;
    0B64 : 00000000;
    0B65 : 00000000;
    0B66 : 00000000;
    0B67 : 00000000;
    0B68 : 00000000;
    0B69 : 00000000;
    0B6A : 00000000;
    0B6B : 00000000;
    0B6C : 00000000;
    0B6D : 00000000;
    0B6E : 00000000;
    0B6F : 00000000;
    0B70 : 00000000;
    0B71 : 00000000;
    0B72 : 00000000;
    0B73 : 00000000;
    0B74 : 00000000;
    0B75 : 00000000;
    0B76 : 00000000;
    0B77 : 00000000;
    0B78 : 00000000;
    0B79 : 00000000;
    0B7A : 00000000;
    0B7B : 00000000;
    0B7C : 00000000;
    0B7D : 00000000;
    0B7E : 00000000;
    0B7F : 00000000;
    0B80 : 00000000;
    0B81 : 00000000;
    0B82 : 00000000;
    0B83 : 00000000;
    0B84 : 00000000;
    0B85 : 00000000;
    0B86 : 00000000;
    0B87 : 00000000;
    0B88 : 00000000;
    0B89 : 00000000;
    0B8A : 00000000;
    0B8B : 00000000;
    0B8C : 00000000;
    0B8D : 00000000;
    0B8E : 00000000;
    0B8F : 00000000;
    0B90 : 00000000;
    0B91 : 00000000;
    0B92 : 00000000;
    0B93 : 00000000;
    0B94 : 00000000;
    0B95 : 00000000;
    0B96 : 00000000;
    0B97 : 00000000;
    0B98 : 00000000;
    0B99 : 00000000;
    0B9A : 00000000;
    0B9B : 00000000;
    0B9C : 00000000;
    0B9D : 00000000;
    0B9E : 00000000;
    0B9F : 00000000;
    0BA0 : 00000000;
    0BA1 : 00000000;
    0BA2 : 00000000;
    0BA3 : 00000000;
    0BA4 : 00000000;
    0BA5 : 00000000;
    0BA6 : 00000000;
    0BA7 : 00000000;
    0BA8 : 00000000;
    0BA9 : 00000000;
    0BAA : 00000000;
    0BAB : 00000000;
    0BAC : 00000000;
    0BAD : 00000000;
    0BAE : 00000000;
    0BAF : 00000000;
    0BB0 : 00000000;
    0BB1 : 00000000;
    0BB2 : 00000000;
    0BB3 : 00000000;
    0BB4 : 00000000;
    0BB5 : 00000000;
    0BB6 : 00000000;
    0BB7 : 00000000;
    0BB8 : 00000000;
    0BB9 : 00000000;
    0BBA : 00000000;
    0BBB : 00000000;
    0BBC : 00000000;
    0BBD : 00000000;
    0BBE : 00000000;
    0BBF : 00000000;
    0BC0 : 00000000;
    0BC1 : 00000000;
    0BC2 : 00000000;
    0BC3 : 00000000;
    0BC4 : 00000000;
    0BC5 : 00000000;
    0BC6 : 00000000;
    0BC7 : 00000000;
    0BC8 : 00000000;
    0BC9 : 00000000;
    0BCA : 00000000;
    0BCB : 00000000;
    0BCC : 00000000;
    0BCD : 00000000;
    0BCE : 00000000;
    0BCF : 00000000;
    0BD0 : 00000000;
    0BD1 : 00000000;
    0BD2 : 00000000;
    0BD3 : 00000000;
    0BD4 : 00000000;
    0BD5 : 00000000;
    0BD6 : 00000000;
    0BD7 : 00000000;
    0BD8 : 00000000;
    0BD9 : 00000000;
    0BDA : 00000000;
    0BDB : 00000000;
    0BDC : 00000000;
    0BDD : 00000000;
    0BDE : 00000000;
    0BDF : 00000000;
    0BE0 : 00000000;
    0BE1 : 00000000;
    0BE2 : 00000000;
    0BE3 : 00000000;
    0BE4 : 00000000;
    0BE5 : 00000000;
    0BE6 : 00000000;
    0BE7 : 00000000;
    0BE8 : 00000000;
    0BE9 : 00000000;
    0BEA : 00000000;
    0BEB : 00000000;
    0BEC : 00000000;
    0BED : 00000000;
    0BEE : 00000000;
    0BEF : 00000000;
    0BF0 : 00000000;
    0BF1 : 00000000;
    0BF2 : 00000000;
    0BF3 : 00000000;
    0BF4 : 00000000;
    0BF5 : 00000000;
    0BF6 : 00000000;
    0BF7 : 00000000;
    0BF8 : 00000000;
    0BF9 : 00000000;
    0BFA : 00000000;
    0BFB : 00000000;
    0BFC : 00000000;
    0BFD : 00000000;
    0BFE : 00000000;
    0BFF : 00000000;
    0C00 : 00000000;
    0C01 : 00000000;
    0C02 : 00000000;
    0C03 : 00000000;
    0C04 : 00000000;
    0C05 : 00000000;
    0C06 : 00000000;
    0C07 : 00000000;
    0C08 : 00000000;
    0C09 : 00000000;
    0C0A : 00000000;
    0C0B : 00000000;
    0C0C : 00000000;
    0C0D : 00000000;
    0C0E : 00000000;
    0C0F : 00000000;
    0C10 : 00000000;
    0C11 : 00000000;
    0C12 : 00000000;
    0C13 : 00000000;
    0C14 : 00000000;
    0C15 : 00000000;
    0C16 : 00000000;
    0C17 : 00000000;
    0C18 : 00000000;
    0C19 : 00000000;
    0C1A : 00000000;
    0C1B : 00000000;
    0C1C : 00000000;
    0C1D : 00000000;
    0C1E : 00000000;
    0C1F : 00000000;
    0C20 : 00000000;
    0C21 : 00000000;
    0C22 : 00000000;
    0C23 : 00000000;
    0C24 : 00000000;
    0C25 : 00000000;
    0C26 : 00000000;
    0C27 : 00000000;
    0C28 : 00000000;
    0C29 : 00000000;
    0C2A : 00000000;
    0C2B : 00000000;
    0C2C : 00000000;
    0C2D : 00000000;
    0C2E : 00000000;
    0C2F : 00000000;
    0C30 : 00000000;
    0C31 : 00000000;
    0C32 : 00000000;
    0C33 : 00000000;
    0C34 : 00000000;
    0C35 : 00000000;
    0C36 : 00000000;
    0C37 : 00000000;
    0C38 : 00000000;
    0C39 : 00000000;
    0C3A : 00000000;
    0C3B : 00000000;
    0C3C : 00000000;
    0C3D : 00000000;
    0C3E : 00000000;
    0C3F : 00000000;
    0C40 : 00000000;
    0C41 : 00000000;
    0C42 : 00000000;
    0C43 : 00000000;
    0C44 : 00000000;
    0C45 : 00000000;
    0C46 : 00000000;
    0C47 : 00000000;
    0C48 : 00000000;
    0C49 : 00000000;
    0C4A : 00000000;
    0C4B : 00000000;
    0C4C : 00000000;
    0C4D : 00000000;
    0C4E : 00000000;
    0C4F : 00000000;
    0C50 : 00000000;
    0C51 : 00000000;
    0C52 : 00000000;
    0C53 : 00000000;
    0C54 : 00000000;
    0C55 : 00000000;
    0C56 : 00000000;
    0C57 : 00000000;
    0C58 : 00000000;
    0C59 : 00000000;
    0C5A : 00000000;
    0C5B : 00000000;
    0C5C : 00000000;
    0C5D : 00000000;
    0C5E : 00000000;
    0C5F : 00000000;
    0C60 : 00000000;
    0C61 : 00000000;
    0C62 : 00000000;
    0C63 : 00000000;
    0C64 : 00000000;
    0C65 : 00000000;
    0C66 : 00000000;
    0C67 : 00000000;
    0C68 : 00000000;
    0C69 : 00000000;
    0C6A : 00000000;
    0C6B : 00000000;
    0C6C : 00000000;
    0C6D : 00000000;
    0C6E : 00000000;
    0C6F : 00000000;
    0C70 : 00000000;
    0C71 : 00000000;
    0C72 : 00000000;
    0C73 : 00000000;
    0C74 : 00000000;
    0C75 : 00000000;
    0C76 : 00000000;
    0C77 : 00000000;
    0C78 : 00000000;
    0C79 : 00000000;
    0C7A : 00000000;
    0C7B : 00000000;
    0C7C : 00000000;
    0C7D : 00000000;
    0C7E : 00000000;
    0C7F : 00000000;
    0C80 : 00000000;
    0C81 : 00000000;
    0C82 : 00000000;
    0C83 : 00000000;
    0C84 : 00000000;
    0C85 : 00000000;
    0C86 : 00000000;
    0C87 : 00000000;
    0C88 : 00000000;
    0C89 : 00000000;
    0C8A : 00000000;
    0C8B : 00000000;
    0C8C : 00000000;
    0C8D : 00000000;
    0C8E : 00000000;
    0C8F : 00000000;
    0C90 : 00000000;
    0C91 : 00000000;
    0C92 : 00000000;
    0C93 : 00000000;
    0C94 : 00000000;
    0C95 : 00000000;
    0C96 : 00000000;
    0C97 : 00000000;
    0C98 : 00000000;
    0C99 : 00000000;
    0C9A : 00000000;
    0C9B : 00000000;
    0C9C : 00000000;
    0C9D : 00000000;
    0C9E : 00000000;
    0C9F : 00000000;
    0CA0 : 00000000;
    0CA1 : 00000000;
    0CA2 : 00000000;
    0CA3 : 00000000;
    0CA4 : 00000000;
    0CA5 : 00000000;
    0CA6 : 00000000;
    0CA7 : 00000000;
    0CA8 : 00000000;
    0CA9 : 00000000;
    0CAA : 00000000;
    0CAB : 00000000;
    0CAC : 00000000;
    0CAD : 00000000;
    0CAE : 00000000;
    0CAF : 00000000;
    0CB0 : 00000000;
    0CB1 : 00000000;
    0CB2 : 00000000;
    0CB3 : 00000000;
    0CB4 : 00000000;
    0CB5 : 00000000;
    0CB6 : 00000000;
    0CB7 : 00000000;
    0CB8 : 00000000;
    0CB9 : 00000000;
    0CBA : 00000000;
    0CBB : 00000000;
    0CBC : 00000000;
    0CBD : 00000000;
    0CBE : 00000000;
    0CBF : 00000000;
    0CC0 : 00000000;
    0CC1 : 00000000;
    0CC2 : 00000000;
    0CC3 : 00000000;
    0CC4 : 00000000;
    0CC5 : 00000000;
    0CC6 : 00000000;
    0CC7 : 00000000;
    0CC8 : 00000000;
    0CC9 : 00000000;
    0CCA : 00000000;
    0CCB : 00000000;
    0CCC : 00000000;
    0CCD : 00000000;
    0CCE : 00000000;
    0CCF : 00000000;
    0CD0 : 00000000;
    0CD1 : 00000000;
    0CD2 : 00000000;
    0CD3 : 00000000;
    0CD4 : 00000000;
    0CD5 : 00000000;
    0CD6 : 00000000;
    0CD7 : 00000000;
    0CD8 : 00000000;
    0CD9 : 00000000;
    0CDA : 00000000;
    0CDB : 00000000;
    0CDC : 00000000;
    0CDD : 00000000;
    0CDE : 00000000;
    0CDF : 00000000;
    0CE0 : 00000000;
    0CE1 : 00000000;
    0CE2 : 00000000;
    0CE3 : 00000000;
    0CE4 : 00000000;
    0CE5 : 00000000;
    0CE6 : 00000000;
    0CE7 : 00000000;
    0CE8 : 00000000;
    0CE9 : 00000000;
    0CEA : 00000000;
    0CEB : 00000000;
    0CEC : 00000000;
    0CED : 00000000;
    0CEE : 00000000;
    0CEF : 00000000;
    0CF0 : 00000000;
    0CF1 : 00000000;
    0CF2 : 00000000;
    0CF3 : 00000000;
    0CF4 : 00000000;
    0CF5 : 00000000;
    0CF6 : 00000000;
    0CF7 : 00000000;
    0CF8 : 00000000;
    0CF9 : 00000000;
    0CFA : 00000000;
    0CFB : 00000000;
    0CFC : 00000000;
    0CFD : 00000000;
    0CFE : 00000000;
    0CFF : 00000000;
    0D00 : 00000000;
    0D01 : 00000000;
    0D02 : 00000000;
    0D03 : 00000000;
    0D04 : 00000000;
    0D05 : 00000000;
    0D06 : 00000000;
    0D07 : 00000000;
    0D08 : 00000000;
    0D09 : 00000000;
    0D0A : 00000000;
    0D0B : 00000000;
    0D0C : 00000000;
    0D0D : 00000000;
    0D0E : 00000000;
    0D0F : 00000000;
    0D10 : 00000000;
    0D11 : 00000000;
    0D12 : 00000000;
    0D13 : 00000000;
    0D14 : 00000000;
    0D15 : 00000000;
    0D16 : 00000000;
    0D17 : 00000000;
    0D18 : 00000000;
    0D19 : 00000000;
    0D1A : 00000000;
    0D1B : 00000000;
    0D1C : 00000000;
    0D1D : 00000000;
    0D1E : 00000000;
    0D1F : 00000000;
    0D20 : 00000000;
    0D21 : 00000000;
    0D22 : 00000000;
    0D23 : 00000000;
    0D24 : 00000000;
    0D25 : 00000000;
    0D26 : 00000000;
    0D27 : 00000000;
    0D28 : 00000000;
    0D29 : 00000000;
    0D2A : 00000000;
    0D2B : 00000000;
    0D2C : 00000000;
    0D2D : 00000000;
    0D2E : 00000000;
    0D2F : 00000000;
    0D30 : 00000000;
    0D31 : 00000000;
    0D32 : 00000000;
    0D33 : 00000000;
    0D34 : 00000000;
    0D35 : 00000000;
    0D36 : 00000000;
    0D37 : 00000000;
    0D38 : 00000000;
    0D39 : 00000000;
    0D3A : 00000000;
    0D3B : 00000000;
    0D3C : 00000000;
    0D3D : 00000000;
    0D3E : 00000000;
    0D3F : 00000000;
    0D40 : 00000000;
    0D41 : 00000000;
    0D42 : 00000000;
    0D43 : 00000000;
    0D44 : 00000000;
    0D45 : 00000000;
    0D46 : 00000000;
    0D47 : 00000000;
    0D48 : 00000000;
    0D49 : 00000000;
    0D4A : 00000000;
    0D4B : 00000000;
    0D4C : 00000000;
    0D4D : 00000000;
    0D4E : 00000000;
    0D4F : 00000000;
    0D50 : 00000000;
    0D51 : 00000000;
    0D52 : 00000000;
    0D53 : 00000000;
    0D54 : 00000000;
    0D55 : 00000000;
    0D56 : 00000000;
    0D57 : 00000000;
    0D58 : 00000000;
    0D59 : 00000000;
    0D5A : 00000000;
    0D5B : 00000000;
    0D5C : 00000000;
    0D5D : 00000000;
    0D5E : 00000000;
    0D5F : 00000000;
    0D60 : 00000000;
    0D61 : 00000000;
    0D62 : 00000000;
    0D63 : 00000000;
    0D64 : 00000000;
    0D65 : 00000000;
    0D66 : 00000000;
    0D67 : 00000000;
    0D68 : 00000000;
    0D69 : 00000000;
    0D6A : 00000000;
    0D6B : 00000000;
    0D6C : 00000000;
    0D6D : 00000000;
    0D6E : 00000000;
    0D6F : 00000000;
    0D70 : 00000000;
    0D71 : 00000000;
    0D72 : 00000000;
    0D73 : 00000000;
    0D74 : 00000000;
    0D75 : 00000000;
    0D76 : 00000000;
    0D77 : 00000000;
    0D78 : 00000000;
    0D79 : 00000000;
    0D7A : 00000000;
    0D7B : 00000000;
    0D7C : 00000000;
    0D7D : 00000000;
    0D7E : 00000000;
    0D7F : 00000000;
    0D80 : 00000000;
    0D81 : 00000000;
    0D82 : 00000000;
    0D83 : 00000000;
    0D84 : 00000000;
    0D85 : 00000000;
    0D86 : 00000000;
    0D87 : 00000000;
    0D88 : 00000000;
    0D89 : 00000000;
    0D8A : 00000000;
    0D8B : 00000000;
    0D8C : 00000000;
    0D8D : 00000000;
    0D8E : 00000000;
    0D8F : 00000000;
    0D90 : 00000000;
    0D91 : 00000000;
    0D92 : 00000000;
    0D93 : 00000000;
    0D94 : 00000000;
    0D95 : 00000000;
    0D96 : 00000000;
    0D97 : 00000000;
    0D98 : 00000000;
    0D99 : 00000000;
    0D9A : 00000000;
    0D9B : 00000000;
    0D9C : 00000000;
    0D9D : 00000000;
    0D9E : 00000000;
    0D9F : 00000000;
    0DA0 : 00000000;
    0DA1 : 00000000;
    0DA2 : 00000000;
    0DA3 : 00000000;
    0DA4 : 00000000;
    0DA5 : 00000000;
    0DA6 : 00000000;
    0DA7 : 00000000;
    0DA8 : 00000000;
    0DA9 : 00000000;
    0DAA : 00000000;
    0DAB : 00000000;
    0DAC : 00000000;
    0DAD : 00000000;
    0DAE : 00000000;
    0DAF : 00000000;
    0DB0 : 00000000;
    0DB1 : 00000000;
    0DB2 : 00000000;
    0DB3 : 00000000;
    0DB4 : 00000000;
    0DB5 : 00000000;
    0DB6 : 00000000;
    0DB7 : 00000000;
    0DB8 : 00000000;
    0DB9 : 00000000;
    0DBA : 00000000;
    0DBB : 00000000;
    0DBC : 00000000;
    0DBD : 00000000;
    0DBE : 00000000;
    0DBF : 00000000;
    0DC0 : 00000000;
    0DC1 : 00000000;
    0DC2 : 00000000;
    0DC3 : 00000000;
    0DC4 : 00000000;
    0DC5 : 00000000;
    0DC6 : 00000000;
    0DC7 : 00000000;
    0DC8 : 00000000;
    0DC9 : 00000000;
    0DCA : 00000000;
    0DCB : 00000000;
    0DCC : 00000000;
    0DCD : 00000000;
    0DCE : 00000000;
    0DCF : 00000000;
    0DD0 : 00000000;
    0DD1 : 00000000;
    0DD2 : 00000000;
    0DD3 : 00000000;
    0DD4 : 00000000;
    0DD5 : 00000000;
    0DD6 : 00000000;
    0DD7 : 00000000;
    0DD8 : 00000000;
    0DD9 : 00000000;
    0DDA : 00000000;
    0DDB : 00000000;
    0DDC : 00000000;
    0DDD : 00000000;
    0DDE : 00000000;
    0DDF : 00000000;
    0DE0 : 00000000;
    0DE1 : 00000000;
    0DE2 : 00000000;
    0DE3 : 00000000;
    0DE4 : 00000000;
    0DE5 : 00000000;
    0DE6 : 00000000;
    0DE7 : 00000000;
    0DE8 : 00000000;
    0DE9 : 00000000;
    0DEA : 00000000;
    0DEB : 00000000;
    0DEC : 00000000;
    0DED : 00000000;
    0DEE : 00000000;
    0DEF : 00000000;
    0DF0 : 00000000;
    0DF1 : 00000000;
    0DF2 : 00000000;
    0DF3 : 00000000;
    0DF4 : 00000000;
    0DF5 : 00000000;
    0DF6 : 00000000;
    0DF7 : 00000000;
    0DF8 : 00000000;
    0DF9 : 00000000;
    0DFA : 00000000;
    0DFB : 00000000;
    0DFC : 00000000;
    0DFD : 00000000;
    0DFE : 00000000;
    0DFF : 00000000;
    0E00 : 00000000;
    0E01 : 00000000;
    0E02 : 00000000;
    0E03 : 00000000;
    0E04 : 00000000;
    0E05 : 00000000;
    0E06 : 00000000;
    0E07 : 00000000;
    0E08 : 00000000;
    0E09 : 00000000;
    0E0A : 00000000;
    0E0B : 00000000;
    0E0C : 00000000;
    0E0D : 00000000;
    0E0E : 00000000;
    0E0F : 00000000;
    0E10 : 00000000;
    0E11 : 00000000;
    0E12 : 00000000;
    0E13 : 00000000;
    0E14 : 00000000;
    0E15 : 00000000;
    0E16 : 00000000;
    0E17 : 00000000;
    0E18 : 00000000;
    0E19 : 00000000;
    0E1A : 00000000;
    0E1B : 00000000;
    0E1C : 00000000;
    0E1D : 00000000;
    0E1E : 00000000;
    0E1F : 00000000;
    0E20 : 00000000;
    0E21 : 00000000;
    0E22 : 00000000;
    0E23 : 00000000;
    0E24 : 00000000;
    0E25 : 00000000;
    0E26 : 00000000;
    0E27 : 00000000;
    0E28 : 00000000;
    0E29 : 00000000;
    0E2A : 00000000;
    0E2B : 00000000;
    0E2C : 00000000;
    0E2D : 00000000;
    0E2E : 00000000;
    0E2F : 00000000;
    0E30 : 00000000;
    0E31 : 00000000;
    0E32 : 00000000;
    0E33 : 00000000;
    0E34 : 00000000;
    0E35 : 00000000;
    0E36 : 00000000;
    0E37 : 00000000;
    0E38 : 00000000;
    0E39 : 00000000;
    0E3A : 00000000;
    0E3B : 00000000;
    0E3C : 00000000;
    0E3D : 00000000;
    0E3E : 00000000;
    0E3F : 00000000;
    0E40 : 00000000;
    0E41 : 00000000;
    0E42 : 00000000;
    0E43 : 00000000;
    0E44 : 00000000;
    0E45 : 00000000;
    0E46 : 00000000;
    0E47 : 00000000;
    0E48 : 00000000;
    0E49 : 00000000;
    0E4A : 00000000;
    0E4B : 00000000;
    0E4C : 00000000;
    0E4D : 00000000;
    0E4E : 00000000;
    0E4F : 00000000;
    0E50 : 00000000;
    0E51 : 00000000;
    0E52 : 00000000;
    0E53 : 00000000;
    0E54 : 00000000;
    0E55 : 00000000;
    0E56 : 00000000;
    0E57 : 00000000;
    0E58 : 00000000;
    0E59 : 00000000;
    0E5A : 00000000;
    0E5B : 00000000;
    0E5C : 00000000;
    0E5D : 00000000;
    0E5E : 00000000;
    0E5F : 00000000;
    0E60 : 00000000;
    0E61 : 00000000;
    0E62 : 00000000;
    0E63 : 00000000;
    0E64 : 00000000;
    0E65 : 00000000;
    0E66 : 00000000;
    0E67 : 00000000;
    0E68 : 00000000;
    0E69 : 00000000;
    0E6A : 00000000;
    0E6B : 00000000;
    0E6C : 00000000;
    0E6D : 00000000;
    0E6E : 00000000;
    0E6F : 00000000;
    0E70 : 00000000;
    0E71 : 00000000;
    0E72 : 00000000;
    0E73 : 00000000;
    0E74 : 00000000;
    0E75 : 00000000;
    0E76 : 00000000;
    0E77 : 00000000;
    0E78 : 00000000;
    0E79 : 00000000;
    0E7A : 00000000;
    0E7B : 00000000;
    0E7C : 00000000;
    0E7D : 00000000;
    0E7E : 00000000;
    0E7F : 00000000;
    0E80 : 00000000;
    0E81 : 00000000;
    0E82 : 00000000;
    0E83 : 00000000;
    0E84 : 00000000;
    0E85 : 00000000;
    0E86 : 00000000;
    0E87 : 00000000;
    0E88 : 00000000;
    0E89 : 00000000;
    0E8A : 00000000;
    0E8B : 00000000;
    0E8C : 00000000;
    0E8D : 00000000;
    0E8E : 00000000;
    0E8F : 00000000;
    0E90 : 00000000;
    0E91 : 00000000;
    0E92 : 00000000;
    0E93 : 00000000;
    0E94 : 00000000;
    0E95 : 00000000;
    0E96 : 00000000;
    0E97 : 00000000;
    0E98 : 00000000;
    0E99 : 00000000;
    0E9A : 00000000;
    0E9B : 00000000;
    0E9C : 00000000;
    0E9D : 00000000;
    0E9E : 00000000;
    0E9F : 00000000;
    0EA0 : 00000000;
    0EA1 : 00000000;
    0EA2 : 00000000;
    0EA3 : 00000000;
    0EA4 : 00000000;
    0EA5 : 00000000;
    0EA6 : 00000000;
    0EA7 : 00000000;
    0EA8 : 00000000;
    0EA9 : 00000000;
    0EAA : 00000000;
    0EAB : 00000000;
    0EAC : 00000000;
    0EAD : 00000000;
    0EAE : 00000000;
    0EAF : 00000000;
    0EB0 : 00000000;
    0EB1 : 00000000;
    0EB2 : 00000000;
    0EB3 : 00000000;
    0EB4 : 00000000;
    0EB5 : 00000000;
    0EB6 : 00000000;
    0EB7 : 00000000;
    0EB8 : 00000000;
    0EB9 : 00000000;
    0EBA : 00000000;
    0EBB : 00000000;
    0EBC : 00000000;
    0EBD : 00000000;
    0EBE : 00000000;
    0EBF : 00000000;
    0EC0 : 00000000;
    0EC1 : 00000000;
    0EC2 : 00000000;
    0EC3 : 00000000;
    0EC4 : 00000000;
    0EC5 : 00000000;
    0EC6 : 00000000;
    0EC7 : 00000000;
    0EC8 : 00000000;
    0EC9 : 00000000;
    0ECA : 00000000;
    0ECB : 00000000;
    0ECC : 00000000;
    0ECD : 00000000;
    0ECE : 00000000;
    0ECF : 00000000;
    0ED0 : 00000000;
    0ED1 : 00000000;
    0ED2 : 00000000;
    0ED3 : 00000000;
    0ED4 : 00000000;
    0ED5 : 00000000;
    0ED6 : 00000000;
    0ED7 : 00000000;
    0ED8 : 00000000;
    0ED9 : 00000000;
    0EDA : 00000000;
    0EDB : 00000000;
    0EDC : 00000000;
    0EDD : 00000000;
    0EDE : 00000000;
    0EDF : 00000000;
    0EE0 : 00000000;
    0EE1 : 00000000;
    0EE2 : 00000000;
    0EE3 : 00000000;
    0EE4 : 00000000;
    0EE5 : 00000000;
    0EE6 : 00000000;
    0EE7 : 00000000;
    0EE8 : 00000000;
    0EE9 : 00000000;
    0EEA : 00000000;
    0EEB : 00000000;
    0EEC : 00000000;
    0EED : 00000000;
    0EEE : 00000000;
    0EEF : 00000000;
    0EF0 : 00000000;
    0EF1 : 00000000;
    0EF2 : 00000000;
    0EF3 : 00000000;
    0EF4 : 00000000;
    0EF5 : 00000000;
    0EF6 : 00000000;
    0EF7 : 00000000;
    0EF8 : 00000000;
    0EF9 : 00000000;
    0EFA : 00000000;
    0EFB : 00000000;
    0EFC : 00000000;
    0EFD : 00000000;
    0EFE : 00000000;
    0EFF : 00000000;
    0F00 : 00000000;
    0F01 : 00000000;
    0F02 : 00000000;
    0F03 : 00000000;
    0F04 : 00000000;
    0F05 : 00000000;
    0F06 : 00000000;
    0F07 : 00000000;
    0F08 : 00000000;
    0F09 : 00000000;
    0F0A : 00000000;
    0F0B : 00000000;
    0F0C : 00000000;
    0F0D : 00000000;
    0F0E : 00000000;
    0F0F : 00000000;
    0F10 : 00000000;
    0F11 : 00000000;
    0F12 : 00000000;
    0F13 : 00000000;
    0F14 : 00000000;
    0F15 : 00000000;
    0F16 : 00000000;
    0F17 : 00000000;
    0F18 : 00000000;
    0F19 : 00000000;
    0F1A : 00000000;
    0F1B : 00000000;
    0F1C : 00000000;
    0F1D : 00000000;
    0F1E : 00000000;
    0F1F : 00000000;
    0F20 : 00000000;
    0F21 : 00000000;
    0F22 : 00000000;
    0F23 : 00000000;
    0F24 : 00000000;
    0F25 : 00000000;
    0F26 : 00000000;
    0F27 : 00000000;
    0F28 : 00000000;
    0F29 : 00000000;
    0F2A : 00000000;
    0F2B : 00000000;
    0F2C : 00000000;
    0F2D : 00000000;
    0F2E : 00000000;
    0F2F : 00000000;
    0F30 : 00000000;
    0F31 : 00000000;
    0F32 : 00000000;
    0F33 : 00000000;
    0F34 : 00000000;
    0F35 : 00000000;
    0F36 : 00000000;
    0F37 : 00000000;
    0F38 : 00000000;
    0F39 : 00000000;
    0F3A : 00000000;
    0F3B : 00000000;
    0F3C : 00000000;
    0F3D : 00000000;
    0F3E : 00000000;
    0F3F : 00000000;
    0F40 : 00000000;
    0F41 : 00000000;
    0F42 : 00000000;
    0F43 : 00000000;
    0F44 : 00000000;
    0F45 : 00000000;
    0F46 : 00000000;
    0F47 : 00000000;
    0F48 : 00000000;
    0F49 : 00000000;
    0F4A : 00000000;
    0F4B : 00000000;
    0F4C : 00000000;
    0F4D : 00000000;
    0F4E : 00000000;
    0F4F : 00000000;
    0F50 : 00000000;
    0F51 : 00000000;
    0F52 : 00000000;
    0F53 : 00000000;
    0F54 : 00000000;
    0F55 : 00000000;
    0F56 : 00000000;
    0F57 : 00000000;
    0F58 : 00000000;
    0F59 : 00000000;
    0F5A : 00000000;
    0F5B : 00000000;
    0F5C : 00000000;
    0F5D : 00000000;
    0F5E : 00000000;
    0F5F : 00000000;
    0F60 : 00000000;
    0F61 : 00000000;
    0F62 : 00000000;
    0F63 : 00000000;
    0F64 : 00000000;
    0F65 : 00000000;
    0F66 : 00000000;
    0F67 : 00000000;
    0F68 : 00000000;
    0F69 : 00000000;
    0F6A : 00000000;
    0F6B : 00000000;
    0F6C : 00000000;
    0F6D : 00000000;
    0F6E : 00000000;
    0F6F : 00000000;
    0F70 : 00000000;
    0F71 : 00000000;
    0F72 : 00000000;
    0F73 : 00000000;
    0F74 : 00000000;
    0F75 : 00000000;
    0F76 : 00000000;
    0F77 : 00000000;
    0F78 : 00000000;
    0F79 : 00000000;
    0F7A : 00000000;
    0F7B : 00000000;
    0F7C : 00000000;
    0F7D : 00000000;
    0F7E : 00000000;
    0F7F : 00000000;
    0F80 : 00000000;
    0F81 : 00000000;
    0F82 : 00000000;
    0F83 : 00000000;
    0F84 : 00000000;
    0F85 : 00000000;
    0F86 : 00000000;
    0F87 : 00000000;
    0F88 : 00000000;
    0F89 : 00000000;
    0F8A : 00000000;
    0F8B : 00000000;
    0F8C : 00000000;
    0F8D : 00000000;
    0F8E : 00000000;
    0F8F : 00000000;
    0F90 : 00000000;
    0F91 : 00000000;
    0F92 : 00000000;
    0F93 : 00000000;
    0F94 : 00000000;
    0F95 : 00000000;
    0F96 : 00000000;
    0F97 : 00000000;
    0F98 : 00000000;
    0F99 : 00000000;
    0F9A : 00000000;
    0F9B : 00000000;
    0F9C : 00000000;
    0F9D : 00000000;
    0F9E : 00000000;
    0F9F : 00000000;
    0FA0 : 00000000;
    0FA1 : 00000000;
    0FA2 : 00000000;
    0FA3 : 00000000;
    0FA4 : 00000000;
    0FA5 : 00000000;
    0FA6 : 00000000;
    0FA7 : 00000000;
    0FA8 : 00000000;
    0FA9 : 00000000;
    0FAA : 00000000;
    0FAB : 00000000;
    0FAC : 00000000;
    0FAD : 00000000;
    0FAE : 00000000;
    0FAF : 00000000;
    0FB0 : 00000000;
    0FB1 : 00000000;
    0FB2 : 00000000;
    0FB3 : 00000000;
    0FB4 : 00000000;
    0FB5 : 00000000;
    0FB6 : 00000000;
    0FB7 : 00000000;
    0FB8 : 00000000;
    0FB9 : 00000000;
    0FBA : 00000000;
    0FBB : 00000000;
    0FBC : 00000000;
    0FBD : 00000000;
    0FBE : 00000000;
    0FBF : 00000000;
    0FC0 : 00000000;
    0FC1 : 00000000;
    0FC2 : 00000000;
    0FC3 : 00000000;
    0FC4 : 00000000;
    0FC5 : 00000000;
    0FC6 : 00000000;
    0FC7 : 00000000;
    0FC8 : 00000000;
    0FC9 : 00000000;
    0FCA : 00000000;
    0FCB : 00000000;
    0FCC : 00000000;
    0FCD : 00000000;
    0FCE : 00000000;
    0FCF : 00000000;
    0FD0 : 00000000;
    0FD1 : 00000000;
    0FD2 : 00000000;
    0FD3 : 00000000;
    0FD4 : 00000000;
    0FD5 : 00000000;
    0FD6 : 00000000;
    0FD7 : 00000000;
    0FD8 : 00000000;
    0FD9 : 00000000;
    0FDA : 00000000;
    0FDB : 00000000;
    0FDC : 00000000;
    0FDD : 00000000;
    0FDE : 00000000;
    0FDF : 00000000;
    0FE0 : 00000000;
    0FE1 : 00000000;
    0FE2 : 00000000;
    0FE3 : 00000000;
    0FE4 : 00000000;
    0FE5 : 00000000;
    0FE6 : 00000000;
    0FE7 : 00000000;
    0FE8 : 00000000;
    0FE9 : 00000000;
    0FEA : 00000000;
    0FEB : 00000000;
    0FEC : 00000000;
    0FED : 00000000;
    0FEE : 00000000;
    0FEF : 00000000;
    0FF0 : 00000000;
    0FF1 : 00000000;
    0FF2 : 00000000;
    0FF3 : 00000000;
    0FF4 : 00000000;
    0FF5 : 00000000;
    0FF6 : 00000000;
    0FF7 : 00000000;
    0FF8 : 00000000;
    0FF9 : 00000000;
    0FFA : 00000000;
    0FFB : 00000000;
    0FFC : 00000000;
    0FFD : 00000000;
    0FFE : 00000000;
    0FFF : 00000000;
    1000 : 00000000;
    1001 : 00000000;
    1002 : 00000000;
    1003 : 00000000;
    1004 : 00000000;
    1005 : 00000000;
    1006 : 00000000;
    1007 : 00000000;
    1008 : 00000000;
    1009 : 00000000;
    100A : 00000000;
    100B : 00000000;
    100C : 00000000;
    100D : 00000000;
    100E : 00000000;
    100F : 00000000;
    1010 : 00000000;
    1011 : 00000000;
    1012 : 00000000;
    1013 : 00000000;
    1014 : 00000000;
    1015 : 00000000;
    1016 : 00000000;
    1017 : 00000000;
    1018 : 00000000;
    1019 : 00000000;
    101A : 00000000;
    101B : 00000000;
    101C : 00000000;
    101D : 00000000;
    101E : 00000000;
    101F : 00000000;
    1020 : 00000000;
    1021 : 00000000;
    1022 : 00000000;
    1023 : 00000000;
    1024 : 00000000;
    1025 : 00000000;
    1026 : 00000000;
    1027 : 00000000;
    1028 : 00000000;
    1029 : 00000000;
    102A : 00000000;
    102B : 00000000;
    102C : 00000000;
    102D : 00000000;
    102E : 00000000;
    102F : 00000000;
    1030 : 00000000;
    1031 : 00000000;
    1032 : 00000000;
    1033 : 00000000;
    1034 : 00000000;
    1035 : 00000000;
    1036 : 00000000;
    1037 : 00000000;
    1038 : 00000000;
    1039 : 00000000;
    103A : 00000000;
    103B : 00000000;
    103C : 00000000;
    103D : 00000000;
    103E : 00000000;
    103F : 00000000;
    1040 : 00000000;
    1041 : 00000000;
    1042 : 00000000;
    1043 : 00000000;
    1044 : 00000000;
    1045 : 00000000;
    1046 : 00000000;
    1047 : 00000000;
    1048 : 00000000;
    1049 : 00000000;
    104A : 00000000;
    104B : 00000000;
    104C : 00000000;
    104D : 00000000;
    104E : 00000000;
    104F : 00000000;
    1050 : 00000000;
    1051 : 00000000;
    1052 : 00000000;
    1053 : 00000000;
    1054 : 00000000;
    1055 : 00000000;
    1056 : 00000000;
    1057 : 00000000;
    1058 : 00000000;
    1059 : 00000000;
    105A : 00000000;
    105B : 00000000;
    105C : 00000000;
    105D : 00000000;
    105E : 00000000;
    105F : 00000000;
    1060 : 00000000;
    1061 : 00000000;
    1062 : 00000000;
    1063 : 00000000;
    1064 : 00000000;
    1065 : 00000000;
    1066 : 00000000;
    1067 : 00000000;
    1068 : 00000000;
    1069 : 00000000;
    106A : 00000000;
    106B : 00000000;
    106C : 00000000;
    106D : 00000000;
    106E : 00000000;
    106F : 00000000;
    1070 : 00000000;
    1071 : 00000000;
    1072 : 00000000;
    1073 : 00000000;
    1074 : 00000000;
    1075 : 00000000;
    1076 : 00000000;
    1077 : 00000000;
    1078 : 00000000;
    1079 : 00000000;
    107A : 00000000;
    107B : 00000000;
    107C : 00000000;
    107D : 00000000;
    107E : 00000000;
    107F : 00000000;
    1080 : 00000000;
    1081 : 00000000;
    1082 : 00000000;
    1083 : 00000000;
    1084 : 00000000;
    1085 : 00000000;
    1086 : 00000000;
    1087 : 00000000;
    1088 : 00000000;
    1089 : 00000000;
    108A : 00000000;
    108B : 00000000;
    108C : 00000000;
    108D : 00000000;
    108E : 00000000;
    108F : 00000000;
    1090 : 00000000;
    1091 : 00000000;
    1092 : 00000000;
    1093 : 00000000;
    1094 : 00000000;
    1095 : 00000000;
    1096 : 00000000;
    1097 : 00000000;
    1098 : 00000000;
    1099 : 00000000;
    109A : 00000000;
    109B : 00000000;
    109C : 00000000;
    109D : 00000000;
    109E : 00000000;
    109F : 00000000;
    10A0 : 00000000;
    10A1 : 00000000;
    10A2 : 00000000;
    10A3 : 00000000;
    10A4 : 00000000;
    10A5 : 00000000;
    10A6 : 00000000;
    10A7 : 00000000;
    10A8 : 00000000;
    10A9 : 00000000;
    10AA : 00000000;
    10AB : 00000000;
    10AC : 00000000;
    10AD : 00000000;
    10AE : 00000000;
    10AF : 00000000;
    10B0 : 00000000;
    10B1 : 00000000;
    10B2 : 00000000;
    10B3 : 00000000;
    10B4 : 00000000;
    10B5 : 00000000;
    10B6 : 00000000;
    10B7 : 00000000;
    10B8 : 00000000;
    10B9 : 00000000;
    10BA : 00000000;
    10BB : 00000000;
    10BC : 00000000;
    10BD : 00000000;
    10BE : 00000000;
    10BF : 00000000;
    10C0 : 00000000;
    10C1 : 00000000;
    10C2 : 00000000;
    10C3 : 00000000;
    10C4 : 00000000;
    10C5 : 00000000;
    10C6 : 00000000;
    10C7 : 00000000;
    10C8 : 00000000;
    10C9 : 00000000;
    10CA : 00000000;
    10CB : 00000000;
    10CC : 00000000;
    10CD : 00000000;
    10CE : 00000000;
    10CF : 00000000;
    10D0 : 00000000;
    10D1 : 00000000;
    10D2 : 00000000;
    10D3 : 00000000;
    10D4 : 00000000;
    10D5 : 00000000;
    10D6 : 00000000;
    10D7 : 00000000;
    10D8 : 00000000;
    10D9 : 00000000;
    10DA : 00000000;
    10DB : 00000000;
    10DC : 00000000;
    10DD : 00000000;
    10DE : 00000000;
    10DF : 00000000;
    10E0 : 00000000;
    10E1 : 00000000;
    10E2 : 00000000;
    10E3 : 00000000;
    10E4 : 00000000;
    10E5 : 00000000;
    10E6 : 00000000;
    10E7 : 00000000;
    10E8 : 00000000;
    10E9 : 00000000;
    10EA : 00000000;
    10EB : 00000000;
    10EC : 00000000;
    10ED : 00000000;
    10EE : 00000000;
    10EF : 00000000;
    10F0 : 00000000;
    10F1 : 00000000;
    10F2 : 00000000;
    10F3 : 00000000;
    10F4 : 00000000;
    10F5 : 00000000;
    10F6 : 00000000;
    10F7 : 00000000;
    10F8 : 00000000;
    10F9 : 00000000;
    10FA : 00000000;
    10FB : 00000000;
    10FC : 00000000;
    10FD : 00000000;
    10FE : 00000000;
    10FF : 00000000;
    1100 : 00000000;
    1101 : 00000000;
    1102 : 00000000;
    1103 : 00000000;
    1104 : 00000000;
    1105 : 00000000;
    1106 : 00000000;
    1107 : 00000000;
    1108 : 00000000;
    1109 : 00000000;
    110A : 00000000;
    110B : 00000000;
    110C : 00000000;
    110D : 00000000;
    110E : 00000000;
    110F : 00000000;
    1110 : 00000000;
    1111 : 00000000;
    1112 : 00000000;
    1113 : 00000000;
    1114 : 00000000;
    1115 : 00000000;
    1116 : 00000000;
    1117 : 00000000;
    1118 : 00000000;
    1119 : 00000000;
    111A : 00000000;
    111B : 00000000;
    111C : 00000000;
    111D : 00000000;
    111E : 00000000;
    111F : 00000000;
    1120 : 00000000;
    1121 : 00000000;
    1122 : 00000000;
    1123 : 00000000;
    1124 : 00000000;
    1125 : 00000000;
    1126 : 00000000;
    1127 : 00000000;
    1128 : 00000000;
    1129 : 00000000;
    112A : 00000000;
    112B : 00000000;
    112C : 00000000;
    112D : 00000000;
    112E : 00000000;
    112F : 00000000;
    1130 : 00000000;
    1131 : 00000000;
    1132 : 00000000;
    1133 : 00000000;
    1134 : 00000000;
    1135 : 00000000;
    1136 : 00000000;
    1137 : 00000000;
    1138 : 00000000;
    1139 : 00000000;
    113A : 00000000;
    113B : 00000000;
    113C : 00000000;
    113D : 00000000;
    113E : 00000000;
    113F : 00000000;
    1140 : 00000000;
    1141 : 00000000;
    1142 : 00000000;
    1143 : 00000000;
    1144 : 00000000;
    1145 : 00000000;
    1146 : 00000000;
    1147 : 00000000;
    1148 : 00000000;
    1149 : 00000000;
    114A : 00000000;
    114B : 00000000;
    114C : 00000000;
    114D : 00000000;
    114E : 00000000;
    114F : 00000000;
    1150 : 00000000;
    1151 : 00000000;
    1152 : 00000000;
    1153 : 00000000;
    1154 : 00000000;
    1155 : 00000000;
    1156 : 00000000;
    1157 : 00000000;
    1158 : 00000000;
    1159 : 00000000;
    115A : 00000000;
    115B : 00000000;
    115C : 00000000;
    115D : 00000000;
    115E : 00000000;
    115F : 00000000;
    1160 : 00000000;
    1161 : 00000000;
    1162 : 00000000;
    1163 : 00000000;
    1164 : 00000000;
    1165 : 00000000;
    1166 : 00000000;
    1167 : 00000000;
    1168 : 00000000;
    1169 : 00000000;
    116A : 00000000;
    116B : 00000000;
    116C : 00000000;
    116D : 00000000;
    116E : 00000000;
    116F : 00000000;
    1170 : 00000000;
    1171 : 00000000;
    1172 : 00000000;
    1173 : 00000000;
    1174 : 00000000;
    1175 : 00000000;
    1176 : 00000000;
    1177 : 00000000;
    1178 : 00000000;
    1179 : 00000000;
    117A : 00000000;
    117B : 00000000;
    117C : 00000000;
    117D : 00000000;
    117E : 00000000;
    117F : 00000000;
    1180 : 00000000;
    1181 : 00000000;
    1182 : 00000000;
    1183 : 00000000;
    1184 : 00000000;
    1185 : 00000000;
    1186 : 00000000;
    1187 : 00000000;
    1188 : 00000000;
    1189 : 00000000;
    118A : 00000000;
    118B : 00000000;
    118C : 00000000;
    118D : 00000000;
    118E : 00000000;
    118F : 00000000;
    1190 : 00000000;
    1191 : 00000000;
    1192 : 00000000;
    1193 : 00000000;
    1194 : 00000000;
    1195 : 00000000;
    1196 : 00000000;
    1197 : 00000000;
    1198 : 00000000;
    1199 : 00000000;
    119A : 00000000;
    119B : 00000000;
    119C : 00000000;
    119D : 00000000;
    119E : 00000000;
    119F : 00000000;
    11A0 : 00000000;
    11A1 : 00000000;
    11A2 : 00000000;
    11A3 : 00000000;
    11A4 : 00000000;
    11A5 : 00000000;
    11A6 : 00000000;
    11A7 : 00000000;
    11A8 : 00000000;
    11A9 : 00000000;
    11AA : 00000000;
    11AB : 00000000;
    11AC : 00000000;
    11AD : 00000000;
    11AE : 00000000;
    11AF : 00000000;
    11B0 : 00000000;
    11B1 : 00000000;
    11B2 : 00000000;
    11B3 : 00000000;
    11B4 : 00000000;
    11B5 : 00000000;
    11B6 : 00000000;
    11B7 : 00000000;
    11B8 : 00000000;
    11B9 : 00000000;
    11BA : 00000000;
    11BB : 00000000;
    11BC : 00000000;
    11BD : 00000000;
    11BE : 00000000;
    11BF : 00000000;
    11C0 : 00000000;
    11C1 : 00000000;
    11C2 : 00000000;
    11C3 : 00000000;
    11C4 : 00000000;
    11C5 : 00000000;
    11C6 : 00000000;
    11C7 : 00000000;
    11C8 : 00000000;
    11C9 : 00000000;
    11CA : 00000000;
    11CB : 00000000;
    11CC : 00000000;
    11CD : 00000000;
    11CE : 00000000;
    11CF : 00000000;
    11D0 : 00000000;
    11D1 : 00000000;
    11D2 : 00000000;
    11D3 : 00000000;
    11D4 : 00000000;
    11D5 : 00000000;
    11D6 : 00000000;
    11D7 : 00000000;
    11D8 : 00000000;
    11D9 : 00000000;
    11DA : 00000000;
    11DB : 00000000;
    11DC : 00000000;
    11DD : 00000000;
    11DE : 00000000;
    11DF : 00000000;
    11E0 : 00000000;
    11E1 : 00000000;
    11E2 : 00000000;
    11E3 : 00000000;
    11E4 : 00000000;
    11E5 : 00000000;
    11E6 : 00000000;
    11E7 : 00000000;
    11E8 : 00000000;
    11E9 : 00000000;
    11EA : 00000000;
    11EB : 00000000;
    11EC : 00000000;
    11ED : 00000000;
    11EE : 00000000;
    11EF : 00000000;
    11F0 : 00000000;
    11F1 : 00000000;
    11F2 : 00000000;
    11F3 : 00000000;
    11F4 : 00000000;
    11F5 : 00000000;
    11F6 : 00000000;
    11F7 : 00000000;
    11F8 : 00000000;
    11F9 : 00000000;
    11FA : 00000000;
    11FB : 00000000;
    11FC : 00000000;
    11FD : 00000000;
    11FE : 00000000;
    11FF : 00000000;
    1200 : 00000000;
    1201 : 00000000;
    1202 : 00000000;
    1203 : 00000000;
    1204 : 00000000;
    1205 : 00000000;
    1206 : 00000000;
    1207 : 00000000;
    1208 : 00000000;
    1209 : 00000000;
    120A : 00000000;
    120B : 00000000;
    120C : 00000000;
    120D : 00000000;
    120E : 00000000;
    120F : 00000000;
    1210 : 00000000;
    1211 : 00000000;
    1212 : 00000000;
    1213 : 00000000;
    1214 : 00000000;
    1215 : 00000000;
    1216 : 00000000;
    1217 : 00000000;
    1218 : 00000000;
    1219 : 00000000;
    121A : 00000000;
    121B : 00000000;
    121C : 00000000;
    121D : 00000000;
    121E : 00000000;
    121F : 00000000;
    1220 : 00000000;
    1221 : 00000000;
    1222 : 00000000;
    1223 : 00000000;
    1224 : 00000000;
    1225 : 00000000;
    1226 : 00000000;
    1227 : 00000000;
    1228 : 00000000;
    1229 : 00000000;
    122A : 00000000;
    122B : 00000000;
    122C : 00000000;
    122D : 00000000;
    122E : 00000000;
    122F : 00000000;
    1230 : 00000000;
    1231 : 00000000;
    1232 : 00000000;
    1233 : 00000000;
    1234 : 00000000;
    1235 : 00000000;
    1236 : 00000000;
    1237 : 00000000;
    1238 : 00000000;
    1239 : 00000000;
    123A : 00000000;
    123B : 00000000;
    123C : 00000000;
    123D : 00000000;
    123E : 00000000;
    123F : 00000000;
    1240 : 00000000;
    1241 : 00000000;
    1242 : 00000000;
    1243 : 00000000;
    1244 : 00000000;
    1245 : 00000000;
    1246 : 00000000;
    1247 : 00000000;
    1248 : 00000000;
    1249 : 00000000;
    124A : 00000000;
    124B : 00000000;
    124C : 00000000;
    124D : 00000000;
    124E : 00000000;
    124F : 00000000;
    1250 : 00000000;
    1251 : 00000000;
    1252 : 00000000;
    1253 : 00000000;
    1254 : 00000000;
    1255 : 00000000;
    1256 : 00000000;
    1257 : 00000000;
    1258 : 00000000;
    1259 : 00000000;
    125A : 00000000;
    125B : 00000000;
    125C : 00000000;
    125D : 00000000;
    125E : 00000000;
    125F : 00000000;
    1260 : 00000000;
    1261 : 00000000;
    1262 : 00000000;
    1263 : 00000000;
    1264 : 00000000;
    1265 : 00000000;
    1266 : 00000000;
    1267 : 00000000;
    1268 : 00000000;
    1269 : 00000000;
    126A : 00000000;
    126B : 00000000;
    126C : 00000000;
    126D : 00000000;
    126E : 00000000;
    126F : 00000000;
    1270 : 00000000;
    1271 : 00000000;
    1272 : 00000000;
    1273 : 00000000;
    1274 : 00000000;
    1275 : 00000000;
    1276 : 00000000;
    1277 : 00000000;
    1278 : 00000000;
    1279 : 00000000;
    127A : 00000000;
    127B : 00000000;
    127C : 00000000;
    127D : 00000000;
    127E : 00000000;
    127F : 00000000;
    1280 : 00000000;
    1281 : 00000000;
    1282 : 00000000;
    1283 : 00000000;
    1284 : 00000000;
    1285 : 00000000;
    1286 : 00000000;
    1287 : 00000000;
    1288 : 00000000;
    1289 : 00000000;
    128A : 00000000;
    128B : 00000000;
    128C : 00000000;
    128D : 00000000;
    128E : 00000000;
    128F : 00000000;
    1290 : 00000000;
    1291 : 00000000;
    1292 : 00000000;
    1293 : 00000000;
    1294 : 00000000;
    1295 : 00000000;
    1296 : 00000000;
    1297 : 00000000;
    1298 : 00000000;
    1299 : 00000000;
    129A : 00000000;
    129B : 00000000;
    129C : 00000000;
    129D : 00000000;
    129E : 00000000;
    129F : 00000000;
    12A0 : 00000000;
    12A1 : 00000000;
    12A2 : 00000000;
    12A3 : 00000000;
    12A4 : 00000000;
    12A5 : 00000000;
    12A6 : 00000000;
    12A7 : 00000000;
    12A8 : 00000000;
    12A9 : 00000000;
    12AA : 00000000;
    12AB : 00000000;
    12AC : 00000000;
    12AD : 00000000;
    12AE : 00000000;
    12AF : 00000000;
    12B0 : 00000000;
    12B1 : 00000000;
    12B2 : 00000000;
    12B3 : 00000000;
    12B4 : 00000000;
    12B5 : 00000000;
    12B6 : 00000000;
    12B7 : 00000000;
    12B8 : 00000000;
    12B9 : 00000000;
    12BA : 00000000;
    12BB : 00000000;
    12BC : 00000000;
    12BD : 00000000;
    12BE : 00000000;
    12BF : 00000000;
    12C0 : 00000000;
    12C1 : 00000000;
    12C2 : 00000000;
    12C3 : 00000000;
    12C4 : 00000000;
    12C5 : 00000000;
    12C6 : 00000000;
    12C7 : 00000000;
    12C8 : 00000000;
    12C9 : 00000000;
    12CA : 00000000;
    12CB : 00000000;
    12CC : 00000000;
    12CD : 00000000;
    12CE : 00000000;
    12CF : 00000000;
    12D0 : 00000000;
    12D1 : 00000000;
    12D2 : 00000000;
    12D3 : 00000000;
    12D4 : 00000000;
    12D5 : 00000000;
    12D6 : 00000000;
    12D7 : 00000000;
    12D8 : 00000000;
    12D9 : 00000000;
    12DA : 00000000;
    12DB : 00000000;
    12DC : 00000000;
    12DD : 00000000;
    12DE : 00000000;
    12DF : 00000000;
    12E0 : 00000000;
    12E1 : 00000000;
    12E2 : 00000000;
    12E3 : 00000000;
    12E4 : 00000000;
    12E5 : 00000000;
    12E6 : 00000000;
    12E7 : 00000000;
    12E8 : 00000000;
    12E9 : 00000000;
    12EA : 00000000;
    12EB : 00000000;
    12EC : 00000000;
    12ED : 00000000;
    12EE : 00000000;
    12EF : 00000000;
    12F0 : 00000000;
    12F1 : 00000000;
    12F2 : 00000000;
    12F3 : 00000000;
    12F4 : 00000000;
    12F5 : 00000000;
    12F6 : 00000000;
    12F7 : 00000000;
    12F8 : 00000000;
    12F9 : 00000000;
    12FA : 00000000;
    12FB : 00000000;
    12FC : 00000000;
    12FD : 00000000;
    12FE : 00000000;
    12FF : 00000000;
    1300 : 00000000;
    1301 : 00000000;
    1302 : 00000000;
    1303 : 00000000;
    1304 : 00000000;
    1305 : 00000000;
    1306 : 00000000;
    1307 : 00000000;
    1308 : 00000000;
    1309 : 00000000;
    130A : 00000000;
    130B : 00000000;
    130C : 00000000;
    130D : 00000000;
    130E : 00000000;
    130F : 00000000;
    1310 : 00000000;
    1311 : 00000000;
    1312 : 00000000;
    1313 : 00000000;
    1314 : 00000000;
    1315 : 00000000;
    1316 : 00000000;
    1317 : 00000000;
    1318 : 00000000;
    1319 : 00000000;
    131A : 00000000;
    131B : 00000000;
    131C : 00000000;
    131D : 00000000;
    131E : 00000000;
    131F : 00000000;
    1320 : 00000000;
    1321 : 00000000;
    1322 : 00000000;
    1323 : 00000000;
    1324 : 00000000;
    1325 : 00000000;
    1326 : 00000000;
    1327 : 00000000;
    1328 : 00000000;
    1329 : 00000000;
    132A : 00000000;
    132B : 00000000;
    132C : 00000000;
    132D : 00000000;
    132E : 00000000;
    132F : 00000000;
    1330 : 00000000;
    1331 : 00000000;
    1332 : 00000000;
    1333 : 00000000;
    1334 : 00000000;
    1335 : 00000000;
    1336 : 00000000;
    1337 : 00000000;
    1338 : 00000000;
    1339 : 00000000;
    133A : 00000000;
    133B : 00000000;
    133C : 00000000;
    133D : 00000000;
    133E : 00000000;
    133F : 00000000;
    1340 : 00000000;
    1341 : 00000000;
    1342 : 00000000;
    1343 : 00000000;
    1344 : 00000000;
    1345 : 00000000;
    1346 : 00000000;
    1347 : 00000000;
    1348 : 00000000;
    1349 : 00000000;
    134A : 00000000;
    134B : 00000000;
    134C : 00000000;
    134D : 00000000;
    134E : 00000000;
    134F : 00000000;
    1350 : 00000000;
    1351 : 00000000;
    1352 : 00000000;
    1353 : 00000000;
    1354 : 00000000;
    1355 : 00000000;
    1356 : 00000000;
    1357 : 00000000;
    1358 : 00000000;
    1359 : 00000000;
    135A : 00000000;
    135B : 00000000;
    135C : 00000000;
    135D : 00000000;
    135E : 00000000;
    135F : 00000000;
    1360 : 00000000;
    1361 : 00000000;
    1362 : 00000000;
    1363 : 00000000;
    1364 : 00000000;
    1365 : 00000000;
    1366 : 00000000;
    1367 : 00000000;
    1368 : 00000000;
    1369 : 00000000;
    136A : 00000000;
    136B : 00000000;
    136C : 00000000;
    136D : 00000000;
    136E : 00000000;
    136F : 00000000;
    1370 : 00000000;
    1371 : 00000000;
    1372 : 00000000;
    1373 : 00000000;
    1374 : 00000000;
    1375 : 00000000;
    1376 : 00000000;
    1377 : 00000000;
    1378 : 00000000;
    1379 : 00000000;
    137A : 00000000;
    137B : 00000000;
    137C : 00000000;
    137D : 00000000;
    137E : 00000000;
    137F : 00000000;
    1380 : 00000000;
    1381 : 00000000;
    1382 : 00000000;
    1383 : 00000000;
    1384 : 00000000;
    1385 : 00000000;
    1386 : 00000000;
    1387 : 00000000;
    1388 : 00000000;
    1389 : 00000000;
    138A : 00000000;
    138B : 00000000;
    138C : 00000000;
    138D : 00000000;
    138E : 00000000;
    138F : 00000000;
    1390 : 00000000;
    1391 : 00000000;
    1392 : 00000000;
    1393 : 00000000;
    1394 : 00000000;
    1395 : 00000000;
    1396 : 00000000;
    1397 : 00000000;
    1398 : 00000000;
    1399 : 00000000;
    139A : 00000000;
    139B : 00000000;
    139C : 00000000;
    139D : 00000000;
    139E : 00000000;
    139F : 00000000;
    13A0 : 00000000;
    13A1 : 00000000;
    13A2 : 00000000;
    13A3 : 00000000;
    13A4 : 00000000;
    13A5 : 00000000;
    13A6 : 00000000;
    13A7 : 00000000;
    13A8 : 00000000;
    13A9 : 00000000;
    13AA : 00000000;
    13AB : 00000000;
    13AC : 00000000;
    13AD : 00000000;
    13AE : 00000000;
    13AF : 00000000;
    13B0 : 00000000;
    13B1 : 00000000;
    13B2 : 00000000;
    13B3 : 00000000;
    13B4 : 00000000;
    13B5 : 00000000;
    13B6 : 00000000;
    13B7 : 00000000;
    13B8 : 00000000;
    13B9 : 00000000;
    13BA : 00000000;
    13BB : 00000000;
    13BC : 00000000;
    13BD : 00000000;
    13BE : 00000000;
    13BF : 00000000;
    13C0 : 00000000;
    13C1 : 00000000;
    13C2 : 00000000;
    13C3 : 00000000;
    13C4 : 00000000;
    13C5 : 00000000;
    13C6 : 00000000;
    13C7 : 00000000;
    13C8 : 00000000;
    13C9 : 00000000;
    13CA : 00000000;
    13CB : 00000000;
    13CC : 00000000;
    13CD : 00000000;
    13CE : 00000000;
    13CF : 00000000;
    13D0 : 00000000;
    13D1 : 00000000;
    13D2 : 00000000;
    13D3 : 00000000;
    13D4 : 00000000;
    13D5 : 00000000;
    13D6 : 00000000;
    13D7 : 00000000;
    13D8 : 00000000;
    13D9 : 00000000;
    13DA : 00000000;
    13DB : 00000000;
    13DC : 00000000;
    13DD : 00000000;
    13DE : 00000000;
    13DF : 00000000;
    13E0 : 00000000;
    13E1 : 00000000;
    13E2 : 00000000;
    13E3 : 00000000;
    13E4 : 00000000;
    13E5 : 00000000;
    13E6 : 00000000;
    13E7 : 00000000;
    13E8 : 00000000;
    13E9 : 00000000;
    13EA : 00000000;
    13EB : 00000000;
    13EC : 00000000;
    13ED : 00000000;
    13EE : 00000000;
    13EF : 00000000;
    13F0 : 00000000;
    13F1 : 00000000;
    13F2 : 00000000;
    13F3 : 00000000;
    13F4 : 00000000;
    13F5 : 00000000;
    13F6 : 00000000;
    13F7 : 00000000;
    13F8 : 00000000;
    13F9 : 00000000;
    13FA : 00000000;
    13FB : 00000000;
    13FC : 00000000;
    13FD : 00000000;
    13FE : 00000000;
    13FF : 00000000;
    1400 : 00000000;
    1401 : 00000000;
    1402 : 00000000;
    1403 : 00000000;
    1404 : 00000000;
    1405 : 00000000;
    1406 : 00000000;
    1407 : 00000000;
    1408 : 00000000;
    1409 : 00000000;
    140A : 00000000;
    140B : 00000000;
    140C : 00000000;
    140D : 00000000;
    140E : 00000000;
    140F : 00000000;
    1410 : 00000000;
    1411 : 00000000;
    1412 : 00000000;
    1413 : 00000000;
    1414 : 00000000;
    1415 : 00000000;
    1416 : 00000000;
    1417 : 00000000;
    1418 : 00000000;
    1419 : 00000000;
    141A : 00000000;
    141B : 00000000;
    141C : 00000000;
    141D : 00000000;
    141E : 00000000;
    141F : 00000000;
    1420 : 00000000;
    1421 : 00000000;
    1422 : 00000000;
    1423 : 00000000;
    1424 : 00000000;
    1425 : 00000000;
    1426 : 00000000;
    1427 : 00000000;
    1428 : 00000000;
    1429 : 00000000;
    142A : 00000000;
    142B : 00000000;
    142C : 00000000;
    142D : 00000000;
    142E : 00000000;
    142F : 00000000;
    1430 : 00000000;
    1431 : 00000000;
    1432 : 00000000;
    1433 : 00000000;
    1434 : 00000000;
    1435 : 00000000;
    1436 : 00000000;
    1437 : 00000000;
    1438 : 00000000;
    1439 : 00000000;
    143A : 00000000;
    143B : 00000000;
    143C : 00000000;
    143D : 00000000;
    143E : 00000000;
    143F : 00000000;
    1440 : 00000000;
    1441 : 00000000;
    1442 : 00000000;
    1443 : 00000000;
    1444 : 00000000;
    1445 : 00000000;
    1446 : 00000000;
    1447 : 00000000;
    1448 : 00000000;
    1449 : 00000000;
    144A : 00000000;
    144B : 00000000;
    144C : 00000000;
    144D : 00000000;
    144E : 00000000;
    144F : 00000000;
    1450 : 00000000;
    1451 : 00000000;
    1452 : 00000000;
    1453 : 00000000;
    1454 : 00000000;
    1455 : 00000000;
    1456 : 00000000;
    1457 : 00000000;
    1458 : 00000000;
    1459 : 00000000;
    145A : 00000000;
    145B : 00000000;
    145C : 00000000;
    145D : 00000000;
    145E : 00000000;
    145F : 00000000;
    1460 : 00000000;
    1461 : 00000000;
    1462 : 00000000;
    1463 : 00000000;
    1464 : 00000000;
    1465 : 00000000;
    1466 : 00000000;
    1467 : 00000000;
    1468 : 00000000;
    1469 : 00000000;
    146A : 00000000;
    146B : 00000000;
    146C : 00000000;
    146D : 00000000;
    146E : 00000000;
    146F : 00000000;
    1470 : 00000000;
    1471 : 00000000;
    1472 : 00000000;
    1473 : 00000000;
    1474 : 00000000;
    1475 : 00000000;
    1476 : 00000000;
    1477 : 00000000;
    1478 : 00000000;
    1479 : 00000000;
    147A : 00000000;
    147B : 00000000;
    147C : 00000000;
    147D : 00000000;
    147E : 00000000;
    147F : 00000000;
    1480 : 00000000;
    1481 : 00000000;
    1482 : 00000000;
    1483 : 00000000;
    1484 : 00000000;
    1485 : 00000000;
    1486 : 00000000;
    1487 : 00000000;
    1488 : 00000000;
    1489 : 00000000;
    148A : 00000000;
    148B : 00000000;
    148C : 00000000;
    148D : 00000000;
    148E : 00000000;
    148F : 00000000;
    1490 : 00000000;
    1491 : 00000000;
    1492 : 00000000;
    1493 : 00000000;
    1494 : 00000000;
    1495 : 00000000;
    1496 : 00000000;
    1497 : 00000000;
    1498 : 00000000;
    1499 : 00000000;
    149A : 00000000;
    149B : 00000000;
    149C : 00000000;
    149D : 00000000;
    149E : 00000000;
    149F : 00000000;
    14A0 : 00000000;
    14A1 : 00000000;
    14A2 : 00000000;
    14A3 : 00000000;
    14A4 : 00000000;
    14A5 : 00000000;
    14A6 : 00000000;
    14A7 : 00000000;
    14A8 : 00000000;
    14A9 : 00000000;
    14AA : 00000000;
    14AB : 00000000;
    14AC : 00000000;
    14AD : 00000000;
    14AE : 00000000;
    14AF : 00000000;
    14B0 : 00000000;
    14B1 : 00000000;
    14B2 : 00000000;
    14B3 : 00000000;
    14B4 : 00000000;
    14B5 : 00000000;
    14B6 : 00000000;
    14B7 : 00000000;
    14B8 : 00000000;
    14B9 : 00000000;
    14BA : 00000000;
    14BB : 00000000;
    14BC : 00000000;
    14BD : 00000000;
    14BE : 00000000;
    14BF : 00000000;
    14C0 : 00000000;
    14C1 : 00000000;
    14C2 : 00000000;
    14C3 : 00000000;
    14C4 : 00000000;
    14C5 : 00000000;
    14C6 : 00000000;
    14C7 : 00000000;
    14C8 : 00000000;
    14C9 : 00000000;
    14CA : 00000000;
    14CB : 00000000;
    14CC : 00000000;
    14CD : 00000000;
    14CE : 00000000;
    14CF : 00000000;
    14D0 : 00000000;
    14D1 : 00000000;
    14D2 : 00000000;
    14D3 : 00000000;
    14D4 : 00000000;
    14D5 : 00000000;
    14D6 : 00000000;
    14D7 : 00000000;
    14D8 : 00000000;
    14D9 : 00000000;
    14DA : 00000000;
    14DB : 00000000;
    14DC : 00000000;
    14DD : 00000000;
    14DE : 00000000;
    14DF : 00000000;
    14E0 : 00000000;
    14E1 : 00000000;
    14E2 : 00000000;
    14E3 : 00000000;
    14E4 : 00000000;
    14E5 : 00000000;
    14E6 : 00000000;
    14E7 : 00000000;
    14E8 : 00000000;
    14E9 : 00000000;
    14EA : 00000000;
    14EB : 00000000;
    14EC : 00000000;
    14ED : 00000000;
    14EE : 00000000;
    14EF : 00000000;
    14F0 : 00000000;
    14F1 : 00000000;
    14F2 : 00000000;
    14F3 : 00000000;
    14F4 : 00000000;
    14F5 : 00000000;
    14F6 : 00000000;
    14F7 : 00000000;
    14F8 : 00000000;
    14F9 : 00000000;
    14FA : 00000000;
    14FB : 00000000;
    14FC : 00000000;
    14FD : 00000000;
    14FE : 00000000;
    14FF : 00000000;
    1500 : 00000000;
    1501 : 00000000;
    1502 : 00000000;
    1503 : 00000000;
    1504 : 00000000;
    1505 : 00000000;
    1506 : 00000000;
    1507 : 00000000;
    1508 : 00000000;
    1509 : 00000000;
    150A : 00000000;
    150B : 00000000;
    150C : 00000000;
    150D : 00000000;
    150E : 00000000;
    150F : 00000000;
    1510 : 00000000;
    1511 : 00000000;
    1512 : 00000000;
    1513 : 00000000;
    1514 : 00000000;
    1515 : 00000000;
    1516 : 00000000;
    1517 : 00000000;
    1518 : 00000000;
    1519 : 00000000;
    151A : 00000000;
    151B : 00000000;
    151C : 00000000;
    151D : 00000000;
    151E : 00000000;
    151F : 00000000;
    1520 : 00000000;
    1521 : 00000000;
    1522 : 00000000;
    1523 : 00000000;
    1524 : 00000000;
    1525 : 00000000;
    1526 : 00000000;
    1527 : 00000000;
    1528 : 00000000;
    1529 : 00000000;
    152A : 00000000;
    152B : 00000000;
    152C : 00000000;
    152D : 00000000;
    152E : 00000000;
    152F : 00000000;
    1530 : 00000000;
    1531 : 00000000;
    1532 : 00000000;
    1533 : 00000000;
    1534 : 00000000;
    1535 : 00000000;
    1536 : 00000000;
    1537 : 00000000;
    1538 : 00000000;
    1539 : 00000000;
    153A : 00000000;
    153B : 00000000;
    153C : 00000000;
    153D : 00000000;
    153E : 00000000;
    153F : 00000000;
    1540 : 00000000;
    1541 : 00000000;
    1542 : 00000000;
    1543 : 00000000;
    1544 : 00000000;
    1545 : 00000000;
    1546 : 00000000;
    1547 : 00000000;
    1548 : 00000000;
    1549 : 00000000;
    154A : 00000000;
    154B : 00000000;
    154C : 00000000;
    154D : 00000000;
    154E : 00000000;
    154F : 00000000;
    1550 : 00000000;
    1551 : 00000000;
    1552 : 00000000;
    1553 : 00000000;
    1554 : 00000000;
    1555 : 00000000;
    1556 : 00000000;
    1557 : 00000000;
    1558 : 00000000;
    1559 : 00000000;
    155A : 00000000;
    155B : 00000000;
    155C : 00000000;
    155D : 00000000;
    155E : 00000000;
    155F : 00000000;
    1560 : 00000000;
    1561 : 00000000;
    1562 : 00000000;
    1563 : 00000000;
    1564 : 00000000;
    1565 : 00000000;
    1566 : 00000000;
    1567 : 00000000;
    1568 : 00000000;
    1569 : 00000000;
    156A : 00000000;
    156B : 00000000;
    156C : 00000000;
    156D : 00000000;
    156E : 00000000;
    156F : 00000000;
    1570 : 00000000;
    1571 : 00000000;
    1572 : 00000000;
    1573 : 00000000;
    1574 : 00000000;
    1575 : 00000000;
    1576 : 00000000;
    1577 : 00000000;
    1578 : 00000000;
    1579 : 00000000;
    157A : 00000000;
    157B : 00000000;
    157C : 00000000;
    157D : 00000000;
    157E : 00000000;
    157F : 00000000;
    1580 : 00000000;
    1581 : 00000000;
    1582 : 00000000;
    1583 : 00000000;
    1584 : 00000000;
    1585 : 00000000;
    1586 : 00000000;
    1587 : 00000000;
    1588 : 00000000;
    1589 : 00000000;
    158A : 00000000;
    158B : 00000000;
    158C : 00000000;
    158D : 00000000;
    158E : 00000000;
    158F : 00000000;
    1590 : 00000000;
    1591 : 00000000;
    1592 : 00000000;
    1593 : 00000000;
    1594 : 00000000;
    1595 : 00000000;
    1596 : 00000000;
    1597 : 00000000;
    1598 : 00000000;
    1599 : 00000000;
    159A : 00000000;
    159B : 00000000;
    159C : 00000000;
    159D : 00000000;
    159E : 00000000;
    159F : 00000000;
    15A0 : 00000000;
    15A1 : 00000000;
    15A2 : 00000000;
    15A3 : 00000000;
    15A4 : 00000000;
    15A5 : 00000000;
    15A6 : 00000000;
    15A7 : 00000000;
    15A8 : 00000000;
    15A9 : 00000000;
    15AA : 00000000;
    15AB : 00000000;
    15AC : 00000000;
    15AD : 00000000;
    15AE : 00000000;
    15AF : 00000000;
    15B0 : 00000000;
    15B1 : 00000000;
    15B2 : 00000000;
    15B3 : 00000000;
    15B4 : 00000000;
    15B5 : 00000000;
    15B6 : 00000000;
    15B7 : 00000000;
    15B8 : 00000000;
    15B9 : 00000000;
    15BA : 00000000;
    15BB : 00000000;
    15BC : 00000000;
    15BD : 00000000;
    15BE : 00000000;
    15BF : 00000000;
    15C0 : 00000000;
    15C1 : 00000000;
    15C2 : 00000000;
    15C3 : 00000000;
    15C4 : 00000000;
    15C5 : 00000000;
    15C6 : 00000000;
    15C7 : 00000000;
    15C8 : 00000000;
    15C9 : 00000000;
    15CA : 00000000;
    15CB : 00000000;
    15CC : 00000000;
    15CD : 00000000;
    15CE : 00000000;
    15CF : 00000000;
    15D0 : 00000000;
    15D1 : 00000000;
    15D2 : 00000000;
    15D3 : 00000000;
    15D4 : 00000000;
    15D5 : 00000000;
    15D6 : 00000000;
    15D7 : 00000000;
    15D8 : 00000000;
    15D9 : 00000000;
    15DA : 00000000;
    15DB : 00000000;
    15DC : 00000000;
    15DD : 00000000;
    15DE : 00000000;
    15DF : 00000000;
    15E0 : 00000000;
    15E1 : 00000000;
    15E2 : 00000000;
    15E3 : 00000000;
    15E4 : 00000000;
    15E5 : 00000000;
    15E6 : 00000000;
    15E7 : 00000000;
    15E8 : 00000000;
    15E9 : 00000000;
    15EA : 00000000;
    15EB : 00000000;
    15EC : 00000000;
    15ED : 00000000;
    15EE : 00000000;
    15EF : 00000000;
    15F0 : 00000000;
    15F1 : 00000000;
    15F2 : 00000000;
    15F3 : 00000000;
    15F4 : 00000000;
    15F5 : 00000000;
    15F6 : 00000000;
    15F7 : 00000000;
    15F8 : 00000000;
    15F9 : 00000000;
    15FA : 00000000;
    15FB : 00000000;
    15FC : 00000000;
    15FD : 00000000;
    15FE : 00000000;
    15FF : 00000000;
    1600 : 00000000;
    1601 : 00000000;
    1602 : 00000000;
    1603 : 00000000;
    1604 : 00000000;
    1605 : 00000000;
    1606 : 00000000;
    1607 : 00000000;
    1608 : 00000000;
    1609 : 00000000;
    160A : 00000000;
    160B : 00000000;
    160C : 00000000;
    160D : 00000000;
    160E : 00000000;
    160F : 00000000;
    1610 : 00000000;
    1611 : 00000000;
    1612 : 00000000;
    1613 : 00000000;
    1614 : 00000000;
    1615 : 00000000;
    1616 : 00000000;
    1617 : 00000000;
    1618 : 00000000;
    1619 : 00000000;
    161A : 00000000;
    161B : 00000000;
    161C : 00000000;
    161D : 00000000;
    161E : 00000000;
    161F : 00000000;
    1620 : 00000000;
    1621 : 00000000;
    1622 : 00000000;
    1623 : 00000000;
    1624 : 00000000;
    1625 : 00000000;
    1626 : 00000000;
    1627 : 00000000;
    1628 : 00000000;
    1629 : 00000000;
    162A : 00000000;
    162B : 00000000;
    162C : 00000000;
    162D : 00000000;
    162E : 00000000;
    162F : 00000000;
    1630 : 00000000;
    1631 : 00000000;
    1632 : 00000000;
    1633 : 00000000;
    1634 : 00000000;
    1635 : 00000000;
    1636 : 00000000;
    1637 : 00000000;
    1638 : 00000000;
    1639 : 00000000;
    163A : 00000000;
    163B : 00000000;
    163C : 00000000;
    163D : 00000000;
    163E : 00000000;
    163F : 00000000;
    1640 : 00000000;
    1641 : 00000000;
    1642 : 00000000;
    1643 : 00000000;
    1644 : 00000000;
    1645 : 00000000;
    1646 : 00000000;
    1647 : 00000000;
    1648 : 00000000;
    1649 : 00000000;
    164A : 00000000;
    164B : 00000000;
    164C : 00000000;
    164D : 00000000;
    164E : 00000000;
    164F : 00000000;
    1650 : 00000000;
    1651 : 00000000;
    1652 : 00000000;
    1653 : 00000000;
    1654 : 00000000;
    1655 : 00000000;
    1656 : 00000000;
    1657 : 00000000;
    1658 : 00000000;
    1659 : 00000000;
    165A : 00000000;
    165B : 00000000;
    165C : 00000000;
    165D : 00000000;
    165E : 00000000;
    165F : 00000000;
    1660 : 00000000;
    1661 : 00000000;
    1662 : 00000000;
    1663 : 00000000;
    1664 : 00000000;
    1665 : 00000000;
    1666 : 00000000;
    1667 : 00000000;
    1668 : 00000000;
    1669 : 00000000;
    166A : 00000000;
    166B : 00000000;
    166C : 00000000;
    166D : 00000000;
    166E : 00000000;
    166F : 00000000;
    1670 : 00000000;
    1671 : 00000000;
    1672 : 00000000;
    1673 : 00000000;
    1674 : 00000000;
    1675 : 00000000;
    1676 : 00000000;
    1677 : 00000000;
    1678 : 00000000;
    1679 : 00000000;
    167A : 00000000;
    167B : 00000000;
    167C : 00000000;
    167D : 00000000;
    167E : 00000000;
    167F : 00000000;
    1680 : 00000000;
    1681 : 00000000;
    1682 : 00000000;
    1683 : 00000000;
    1684 : 00000000;
    1685 : 00000000;
    1686 : 00000000;
    1687 : 00000000;
    1688 : 00000000;
    1689 : 00000000;
    168A : 00000000;
    168B : 00000000;
    168C : 00000000;
    168D : 00000000;
    168E : 00000000;
    168F : 00000000;
    1690 : 00000000;
    1691 : 00000000;
    1692 : 00000000;
    1693 : 00000000;
    1694 : 00000000;
    1695 : 00000000;
    1696 : 00000000;
    1697 : 00000000;
    1698 : 00000000;
    1699 : 00000000;
    169A : 00000000;
    169B : 00000000;
    169C : 00000000;
    169D : 00000000;
    169E : 00000000;
    169F : 00000000;
    16A0 : 00000000;
    16A1 : 00000000;
    16A2 : 00000000;
    16A3 : 00000000;
    16A4 : 00000000;
    16A5 : 00000000;
    16A6 : 00000000;
    16A7 : 00000000;
    16A8 : 00000000;
    16A9 : 00000000;
    16AA : 00000000;
    16AB : 00000000;
    16AC : 00000000;
    16AD : 00000000;
    16AE : 00000000;
    16AF : 00000000;
    16B0 : 00000000;
    16B1 : 00000000;
    16B2 : 00000000;
    16B3 : 00000000;
    16B4 : 00000000;
    16B5 : 00000000;
    16B6 : 00000000;
    16B7 : 00000000;
    16B8 : 00000000;
    16B9 : 00000000;
    16BA : 00000000;
    16BB : 00000000;
    16BC : 00000000;
    16BD : 00000000;
    16BE : 00000000;
    16BF : 00000000;
    16C0 : 00000000;
    16C1 : 00000000;
    16C2 : 00000000;
    16C3 : 00000000;
    16C4 : 00000000;
    16C5 : 00000000;
    16C6 : 00000000;
    16C7 : 00000000;
    16C8 : 00000000;
    16C9 : 00000000;
    16CA : 00000000;
    16CB : 00000000;
    16CC : 00000000;
    16CD : 00000000;
    16CE : 00000000;
    16CF : 00000000;
    16D0 : 00000000;
    16D1 : 00000000;
    16D2 : 00000000;
    16D3 : 00000000;
    16D4 : 00000000;
    16D5 : 00000000;
    16D6 : 00000000;
    16D7 : 00000000;
    16D8 : 00000000;
    16D9 : 00000000;
    16DA : 00000000;
    16DB : 00000000;
    16DC : 00000000;
    16DD : 00000000;
    16DE : 00000000;
    16DF : 00000000;
    16E0 : 00000000;
    16E1 : 00000000;
    16E2 : 00000000;
    16E3 : 00000000;
    16E4 : 00000000;
    16E5 : 00000000;
    16E6 : 00000000;
    16E7 : 00000000;
    16E8 : 00000000;
    16E9 : 00000000;
    16EA : 00000000;
    16EB : 00000000;
    16EC : 00000000;
    16ED : 00000000;
    16EE : 00000000;
    16EF : 00000000;
    16F0 : 00000000;
    16F1 : 00000000;
    16F2 : 00000000;
    16F3 : 00000000;
    16F4 : 00000000;
    16F5 : 00000000;
    16F6 : 00000000;
    16F7 : 00000000;
    16F8 : 00000000;
    16F9 : 00000000;
    16FA : 00000000;
    16FB : 00000000;
    16FC : 00000000;
    16FD : 00000000;
    16FE : 00000000;
    16FF : 00000000;
    1700 : 00000000;
    1701 : 00000000;
    1702 : 00000000;
    1703 : 00000000;
    1704 : 00000000;
    1705 : 00000000;
    1706 : 00000000;
    1707 : 00000000;
    1708 : 00000000;
    1709 : 00000000;
    170A : 00000000;
    170B : 00000000;
    170C : 00000000;
    170D : 00000000;
    170E : 00000000;
    170F : 00000000;
    1710 : 00000000;
    1711 : 00000000;
    1712 : 00000000;
    1713 : 00000000;
    1714 : 00000000;
    1715 : 00000000;
    1716 : 00000000;
    1717 : 00000000;
    1718 : 00000000;
    1719 : 00000000;
    171A : 00000000;
    171B : 00000000;
    171C : 00000000;
    171D : 00000000;
    171E : 00000000;
    171F : 00000000;
    1720 : 00000000;
    1721 : 00000000;
    1722 : 00000000;
    1723 : 00000000;
    1724 : 00000000;
    1725 : 00000000;
    1726 : 00000000;
    1727 : 00000000;
    1728 : 00000000;
    1729 : 00000000;
    172A : 00000000;
    172B : 00000000;
    172C : 00000000;
    172D : 00000000;
    172E : 00000000;
    172F : 00000000;
    1730 : 00000000;
    1731 : 00000000;
    1732 : 00000000;
    1733 : 00000000;
    1734 : 00000000;
    1735 : 00000000;
    1736 : 00000000;
    1737 : 00000000;
    1738 : 00000000;
    1739 : 00000000;
    173A : 00000000;
    173B : 00000000;
    173C : 00000000;
    173D : 00000000;
    173E : 00000000;
    173F : 00000000;
    1740 : 00000000;
    1741 : 00000000;
    1742 : 00000000;
    1743 : 00000000;
    1744 : 00000000;
    1745 : 00000000;
    1746 : 00000000;
    1747 : 00000000;
    1748 : 00000000;
    1749 : 00000000;
    174A : 00000000;
    174B : 00000000;
    174C : 00000000;
    174D : 00000000;
    174E : 00000000;
    174F : 00000000;
    1750 : 00000000;
    1751 : 00000000;
    1752 : 00000000;
    1753 : 00000000;
    1754 : 00000000;
    1755 : 00000000;
    1756 : 00000000;
    1757 : 00000000;
    1758 : 00000000;
    1759 : 00000000;
    175A : 00000000;
    175B : 00000000;
    175C : 00000000;
    175D : 00000000;
    175E : 00000000;
    175F : 00000000;
    1760 : 00000000;
    1761 : 00000000;
    1762 : 00000000;
    1763 : 00000000;
    1764 : 00000000;
    1765 : 00000000;
    1766 : 00000000;
    1767 : 00000000;
    1768 : 00000000;
    1769 : 00000000;
    176A : 00000000;
    176B : 00000000;
    176C : 00000000;
    176D : 00000000;
    176E : 00000000;
    176F : 00000000;
    1770 : 00000000;
    1771 : 00000000;
    1772 : 00000000;
    1773 : 00000000;
    1774 : 00000000;
    1775 : 00000000;
    1776 : 00000000;
    1777 : 00000000;
    1778 : 00000000;
    1779 : 00000000;
    177A : 00000000;
    177B : 00000000;
    177C : 00000000;
    177D : 00000000;
    177E : 00000000;
    177F : 00000000;
    1780 : 00000000;
    1781 : 00000000;
    1782 : 00000000;
    1783 : 00000000;
    1784 : 00000000;
    1785 : 00000000;
    1786 : 00000000;
    1787 : 00000000;
    1788 : 00000000;
    1789 : 00000000;
    178A : 00000000;
    178B : 00000000;
    178C : 00000000;
    178D : 00000000;
    178E : 00000000;
    178F : 00000000;
    1790 : 00000000;
    1791 : 00000000;
    1792 : 00000000;
    1793 : 00000000;
    1794 : 00000000;
    1795 : 00000000;
    1796 : 00000000;
    1797 : 00000000;
    1798 : 00000000;
    1799 : 00000000;
    179A : 00000000;
    179B : 00000000;
    179C : 00000000;
    179D : 00000000;
    179E : 00000000;
    179F : 00000000;
    17A0 : 00000000;
    17A1 : 00000000;
    17A2 : 00000000;
    17A3 : 00000000;
    17A4 : 00000000;
    17A5 : 00000000;
    17A6 : 00000000;
    17A7 : 00000000;
    17A8 : 00000000;
    17A9 : 00000000;
    17AA : 00000000;
    17AB : 00000000;
    17AC : 00000000;
    17AD : 00000000;
    17AE : 00000000;
    17AF : 00000000;
    17B0 : 00000000;
    17B1 : 00000000;
    17B2 : 00000000;
    17B3 : 00000000;
    17B4 : 00000000;
    17B5 : 00000000;
    17B6 : 00000000;
    17B7 : 00000000;
    17B8 : 00000000;
    17B9 : 00000000;
    17BA : 00000000;
    17BB : 00000000;
    17BC : 00000000;
    17BD : 00000000;
    17BE : 00000000;
    17BF : 00000000;
    17C0 : 00000000;
    17C1 : 00000000;
    17C2 : 00000000;
    17C3 : 00000000;
    17C4 : 00000000;
    17C5 : 00000000;
    17C6 : 00000000;
    17C7 : 00000000;
    17C8 : 00000000;
    17C9 : 00000000;
    17CA : 00000000;
    17CB : 00000000;
    17CC : 00000000;
    17CD : 00000000;
    17CE : 00000000;
    17CF : 00000000;
    17D0 : 00000000;
    17D1 : 00000000;
    17D2 : 00000000;
    17D3 : 00000000;
    17D4 : 00000000;
    17D5 : 00000000;
    17D6 : 00000000;
    17D7 : 00000000;
    17D8 : 00000000;
    17D9 : 00000000;
    17DA : 00000000;
    17DB : 00000000;
    17DC : 00000000;
    17DD : 00000000;
    17DE : 00000000;
    17DF : 00000000;
    17E0 : 00000000;
    17E1 : 00000000;
    17E2 : 00000000;
    17E3 : 00000000;
    17E4 : 00000000;
    17E5 : 00000000;
    17E6 : 00000000;
    17E7 : 00000000;
    17E8 : 00000000;
    17E9 : 00000000;
    17EA : 00000000;
    17EB : 00000000;
    17EC : 00000000;
    17ED : 00000000;
    17EE : 00000000;
    17EF : 00000000;
    17F0 : 00000000;
    17F1 : 00000000;
    17F2 : 00000000;
    17F3 : 00000000;
    17F4 : 00000000;
    17F5 : 00000000;
    17F6 : 00000000;
    17F7 : 00000000;
    17F8 : 00000000;
    17F9 : 00000000;
    17FA : 00000000;
    17FB : 00000000;
    17FC : 00000000;
    17FD : 00000000;
    17FE : 00000000;
    17FF : 00000000;
    1800 : 00000032;
    1801 : 00000000;
    1802 : 01000770;
    [1803..1FFF] : 00000000;
END;
